File_csv,abstract_avg,section_1_avg,section_2_avg,section_3_avg,section_4_avg,section_5_avg,Cluster
journal.pone.0199543.csv,1.25,5.25,4.0,2.5,7.375,0.0,0
journal.pone.0135871.csv,0.4,3.0,2.0,3.0,1.2,0.2,1
journal.pone.0041100.csv,0.8571428571428571,3.142857142857143,1.1428571428571428,0.42857142857142855,4.714285714285714,0.2857142857142857,1
journal.pone.0222345.csv,2.7142857142857144,3.7142857142857144,15.0,12.571428571428571,13.714285714285714,1.1428571428571428,0
journal.pone.0061944.csv,2.375,3.75,0.375,12.375,8.0,0.0,0
journal.pone.0053060.csv,1.25,4.75,1.25,0.0,1.25,2.25,0
journal.pone.0161978.csv,2.2,3.6,1.8,7.0,2.8,2.0,1
journal.pone.0085354.csv,2.0,4.428571428571429,2.857142857142857,22.571428571428573,6.428571428571429,0.0,0
journal.pone.0142192.csv,2.0,2.0,1.25,3.0,5.0,0.0,1
journal.pone.0153921.csv,2.75,2.125,1.375,6.125,5.875,1.375,1
journal.pone.0112799.csv,2.857142857142857,5.142857142857143,18.571428571428573,10.571428571428571,4.142857142857143,1.2857142857142858,0
journal.pone.0010763.csv,4.142857142857143,8.0,3.0,26.285714285714285,17.571428571428573,0.0,3
journal.pone.0010777.csv,1.6666666666666667,2.0,3.0,4.833333333333333,1.3333333333333333,0.0,1
journal.pone.0145010.csv,3.1666666666666665,5.166666666666667,0.3333333333333333,10.0,6.666666666666667,0.0,0
journal.pone.0139440.csv,4.125,5.75,12.625,8.875,12.375,1.25,0
journal.pone.0173207.csv,1.2857142857142858,4.428571428571429,1.8571428571428572,5.857142857142857,3.0,0.42857142857142855,0
journal.pone.0020893.csv,1.2727272727272727,1.2727272727272727,7.636363636363637,4.7272727272727275,1.4545454545454546,0.2727272727272727,1
journal.pone.0040356.csv,2.5714285714285716,1.8571428571428572,5.714285714285714,9.571428571428571,5.285714285714286,1.1428571428571428,1
journal.pone.0193126.csv,1.0833333333333333,2.5,8.083333333333334,3.6666666666666665,2.0833333333333335,1.25,1
journal.pone.0020307.csv,3.3636363636363638,5.2727272727272725,4.363636363636363,13.636363636363637,5.363636363636363,0.0,0
journal.pone.0165101.csv,1.1428571428571428,3.142857142857143,6.571428571428571,16.428571428571427,6.714285714285714,2.857142857142857,1
journal.pone.0133420.csv,1.8333333333333333,2.75,1.4166666666666667,5.0,8.25,0.08333333333333333,1
journal.pone.0128014.csv,1.4285714285714286,3.9285714285714284,2.0714285714285716,8.714285714285714,3.7857142857142856,0.42857142857142855,1
journal.pone.0064236.csv,2.25,1.75,8.875,1.75,0.625,0.0,1
journal.pone.0098099.csv,2.8181818181818183,3.727272727272727,3.3636363636363638,4.2727272727272725,7.363636363636363,0.0,0
journal.pone.0171808.csv,2.6666666666666665,5.666666666666667,6.0,6.666666666666667,8.833333333333334,0.6666666666666666,0
journal.pone.0185745.csv,3.625,6.375,4.625,22.75,2.0,0.0,0
journal.pone.0076829.csv,2.0,8.6,2.2,13.4,9.8,2.2,3
journal.pone.0067501.csv,0.8333333333333334,3.1666666666666665,2.5,9.666666666666666,6.666666666666667,1.3333333333333333,1
journal.pone.0056904.csv,1.75,4.0,2.875,10.125,7.0,1.0,0
journal.pone.0171411.csv,8.333333333333334,14.666666666666666,10.333333333333334,23.333333333333332,15.833333333333334,0.3333333333333333,3
journal.pone.0057398.csv,2.4285714285714284,2.4285714285714284,1.1428571428571428,5.0,5.0,0.0,1
journal.pone.0126213.csv,2.75,6.25,0.25,6.5,6.0,0.5,0
journal.pone.0023419.csv,1.1428571428571428,1.4285714285714286,2.142857142857143,6.142857142857143,1.5714285714285714,0.0,1
journal.pone.0195973.csv,2.625,27.25,9.75,24.625,21.0,0.0,4
journal.pone.0154691.csv,4.2,2.3,4.6,5.7,6.1,0.0,1
journal.pone.0056079.csv,2.7142857142857144,5.142857142857143,11.0,4.285714285714286,9.0,0.5714285714285714,0
journal.pone.0053115.csv,1.2,3.8,4.6,0.0,0.0,0.0,1
journal.pone.0182200.csv,2.3333333333333335,7.0,4.666666666666667,3.6666666666666665,6.833333333333333,1.1666666666666667,0
journal.pone.0142742.csv,1.3333333333333333,4.166666666666667,4.333333333333333,3.0,2.3333333333333335,2.0,0
journal.pone.0022129.csv,5.333333333333333,4.333333333333333,4.333333333333333,37.333333333333336,6.333333333333333,3.3333333333333335,0
journal.pone.0137242.csv,2.0,7.111111111111111,10.0,4.777777777777778,8.777777777777779,0.1111111111111111,0
journal.pone.0064626.csv,3.875,4.375,7.0,8.25,9.75,0.0,0
journal.pone.0060454.csv,1.0,1.25,0.0,1.5,1.5,0.5,1
journal.pone.0116267.csv,0.0,1.5,0.0,0.0,0.0,0.0,1
journal.pone.0013690.csv,3.1,6.7,1.2,15.9,17.0,0.9,0
journal.pone.0071015.csv,5.333333333333333,5.5,0.6666666666666666,25.0,13.166666666666666,2.5,0
journal.pone.0178031.csv,0.0,0.5,1.0,0.5,0.5,0.0,1
journal.pone.0148694.csv,2.0,1.0,1.8,1.4,4.0,0.6,1
journal.pone.0169114.csv,3.25,2.0,10.25,7.0,6.25,0.25,1
journal.pone.0044092.csv,1.5,2.75,3.75,2.5,0.375,2.375,1
journal.pone.0053505.csv,1.8,4.4,1.0,6.2,5.7,0.0,0
journal.pone.0101519.csv,3.0714285714285716,2.142857142857143,2.5,8.785714285714286,5.642857142857143,0.0,1
journal.pone.0147558.csv,3.0,9.2,6.2,2.2,10.6,0.4,3
journal.pone.0218958.csv,2.2857142857142856,5.714285714285714,15.857142857142858,2.142857142857143,4.0,4.571428571428571,0
journal.pone.0173827.csv,0.0,0.0,0.0,0.0,0.0,0.0,1
journal.pone.0095408.csv,0.0,0.5,0.0,0.0,0.0,0.0,1
journal.pone.0130063.csv,3.8333333333333335,6.333333333333333,2.5,25.166666666666668,13.0,1.1666666666666667,0
journal.pone.0076022.csv,1.0,1.5714285714285714,1.1428571428571428,1.2857142857142858,0.0,0.0,1
journal.pone.0077328.csv,1.5,5.75,2.8333333333333335,17.083333333333332,8.916666666666666,2.8333333333333335,0
journal.pone.0105972.csv,3.4,4.8,2.2,8.7,5.0,0.4,0
journal.pone.0150973.csv,3.75,4.5,18.875,9.625,13.375,0.375,0
journal.pone.0087781.csv,2.3636363636363638,3.272727272727273,4.2727272727272725,12.818181818181818,6.2727272727272725,0.0,1
journal.pone.0122329.csv,1.6666666666666667,6.333333333333333,5.333333333333333,1.3333333333333333,9.0,1.3333333333333333,0
journal.pone.0173166.csv,1.5714285714285714,5.285714285714286,10.714285714285714,8.285714285714286,9.428571428571429,0.42857142857142855,0
journal.pone.0210860.csv,2.4,7.0,14.0,4.4,9.0,0.4,0
journal.pone.0136162.csv,3.2857142857142856,7.428571428571429,4.714285714285714,19.0,1.4285714285714286,1.1428571428571428,3
journal.pone.0177116.csv,2.7,6.8,5.1,9.2,9.7,0.4,0
journal.pone.0083097.csv,2.625,3.125,9.375,5.25,0.625,0.0,1
journal.pone.0059374.csv,3.125,6.5,3.125,29.375,8.375,1.375,0
journal.pone.0192763.csv,1.5,3.0833333333333335,2.5,3.3333333333333335,3.6666666666666665,0.25,1
journal.pone.0080415.csv,1.5333333333333334,2.8666666666666667,4.333333333333333,7.333333333333333,2.933333333333333,0.0,1
journal.pone.0188075.csv,4.0,4.0,6.375,22.5,1.0,0.0,0
journal.pone.0074543.csv,2.75,3.75,2.375,5.875,6.625,0.625,0
journal.pone.0064744.csv,2.5,11.25,2.75,3.0,9.5,0.25,3
journal.pone.0107778.csv,3.0,4.222222222222222,21.444444444444443,10.0,3.0,3.3333333333333335,0
journal.pone.0044641.csv,3.3333333333333335,5.333333333333333,2.6666666666666665,15.333333333333334,2.3333333333333335,0.6666666666666666,0
journal.pone.0094104.csv,4.666666666666667,8.166666666666666,10.333333333333334,14.0,13.5,0.0,3
journal.pone.0195554.csv,2.4285714285714284,1.4285714285714286,1.8571428571428572,4.571428571428571,5.285714285714286,0.0,1
journal.pone.0037687.csv,1.875,8.25,3.0,2.5,5.375,0.0,3
journal.pone.0158297.csv,1.0,3.7,1.9,6.8,4.5,3.3,1
journal.pone.0221934.csv,1.7692307692307692,4.076923076923077,2.3076923076923075,3.6153846153846154,5.538461538461538,0.6153846153846154,0
journal.pone.0217539.csv,2.8333333333333335,2.5,2.3333333333333335,5.166666666666667,4.0,1.3333333333333333,1
journal.pone.0031234.csv,2.1666666666666665,6.833333333333333,2.5,10.5,8.0,1.8333333333333333,0
journal.pone.0028765.csv,2.0,5.555555555555555,8.555555555555555,7.888888888888889,0.2222222222222222,0.6666666666666666,0
journal.pone.0140397.csv,5.75,21.25,16.0,73.75,25.75,2.5,4
journal.pone.0098065.csv,1.7272727272727273,2.090909090909091,1.2727272727272727,4.454545454545454,3.090909090909091,0.0,1
journal.pone.0042225.csv,2.25,5.916666666666667,2.9166666666666665,4.583333333333333,3.6666666666666665,0.16666666666666666,0
journal.pone.0138760.csv,0.8571428571428571,2.2857142857142856,5.142857142857143,5.0,3.857142857142857,1.0,1
journal.pone.0061167.csv,2.8,3.3,6.3,13.6,8.8,0.0,1
journal.pone.0167502.csv,0.8333333333333334,2.1666666666666665,0.0,3.5,0.3333333333333333,0.5,1
journal.pone.0209511.csv,0.0,0.0,0.0,0.0,0.0,0.0,1
journal.pone.0007590.csv,2.6666666666666665,1.6666666666666667,4.666666666666667,9.583333333333334,7.0,0.0,1
journal.pone.0061629.csv,1.8571428571428572,3.0,1.4285714285714286,11.285714285714286,6.571428571428571,0.0,1
journal.pone.0032517.csv,3.5,6.75,5.0,7.625,9.625,0.0,0
journal.pone.0064989.csv,1.8461538461538463,4.153846153846154,9.76923076923077,7.615384615384615,1.6923076923076923,1.3846153846153846,0
journal.pone.0181722.csv,5.714285714285714,7.285714285714286,4.571428571428571,39.714285714285715,17.714285714285715,0.0,3
journal.pone.0025094.csv,1.7777777777777777,1.8888888888888888,2.4444444444444446,6.666666666666667,5.777777777777778,0.3333333333333333,1
journal.pone.0150423.csv,1.4,2.4,1.2,1.6,1.6,0.8,1
journal.pone.0181859.csv,3.0,4.833333333333333,14.333333333333334,8.166666666666666,12.666666666666666,1.1666666666666667,0
journal.pone.0078556.csv,1.8571428571428572,3.4285714285714284,2.5714285714285716,18.142857142857142,2.857142857142857,0.5714285714285714,1
journal.pone.0054094.csv,0.6,3.0,2.0,0.0,3.4,0.0,1
journal.pone.0174350.csv,2.6,24.4,18.6,2.2,10.8,9.2,4
journal.pone.0192819.csv,3.0,13.25,4.0,8.75,9.0,2.5,3
journal.pone.0187541.csv,1.3333333333333333,8.333333333333334,13.333333333333334,6.666666666666667,8.666666666666666,15.333333333333334,3
journal.pone.0113446.csv,2.4285714285714284,7.0,16.857142857142858,6.142857142857143,11.142857142857142,2.2857142857142856,0
journal.pone.0112980.csv,2.7142857142857144,4.714285714285714,8.571428571428571,7.714285714285714,3.142857142857143,0.14285714285714285,0
journal.pone.0121635.csv,1.0,17.75,15.75,9.5,15.5,1.25,4
journal.pone.0074146.csv,2.0,2.8,7.4,4.4,3.0,0.0,1
journal.pone.0074152.csv,3.857142857142857,21.428571428571427,11.285714285714286,17.571428571428573,9.714285714285714,0.0,4
journal.pone.0213830.csv,2.3636363636363638,2.3636363636363638,1.6363636363636365,7.090909090909091,0.09090909090909091,1.4545454545454546,1
journal.pone.0018077.csv,4.333333333333333,11.0,39.666666666666664,24.666666666666668,8.666666666666666,3.3333333333333335,3
journal.pone.0151477.csv,3.25,7.0,1.125,13.875,8.875,0.0,0
journal.pone.0035867.csv,1.8,3.4,13.8,5.6,3.2,1.0,1
journal.pone.0168594.csv,5.833333333333333,7.5,25.0,13.333333333333334,15.333333333333334,1.0,3
journal.pone.0047211.csv,3.0,3.5,4.5,3.75,7.375,0.0,0
journal.pone.0115594.csv,1.0,0.4,0.2,0.0,3.0,0.0,1
journal.pone.0089965.csv,4.666666666666667,5.5,2.5,11.5,5.833333333333333,1.1666666666666667,0
journal.pone.0118926.csv,2.4545454545454546,5.090909090909091,3.6363636363636362,9.363636363636363,4.090909090909091,1.1818181818181819,0
journal.pone.0026604.csv,3.8333333333333335,5.833333333333333,4.166666666666667,12.666666666666666,8.333333333333334,1.6666666666666667,0
journal.pone.0045162.csv,2.0,3.5,3.5,4.0,6.833333333333333,0.0,1
journal.pone.0117618.csv,2.8181818181818183,3.272727272727273,3.3636363636363638,10.363636363636363,6.181818181818182,0.5454545454545454,1
journal.pone.0072080.csv,2.3333333333333335,3.1666666666666665,3.0,6.333333333333333,7.333333333333333,0.0,1
journal.pone.0137537.csv,2.4285714285714284,3.2857142857142856,3.142857142857143,8.714285714285714,8.0,1.2857142857142858,1
journal.pone.0140783.csv,2.2,4.0,8.0,4.5,3.5,0.0,0
journal.pone.0086868.csv,3.2,5.0,4.4,16.4,8.6,0.0,0
journal.pone.0118311.csv,2.8,5.4,35.0,3.6,0.4,0.0,0
journal.pone.0050433.csv,3.3333333333333335,3.6666666666666665,9.833333333333334,16.833333333333332,7.333333333333333,0.6666666666666666,0
journal.pone.0004062.csv,1.5555555555555556,1.5555555555555556,3.5555555555555554,0.2222222222222222,0.0,0.0,1
journal.pone.0193487.csv,4.0,6.6,7.0,8.2,7.2,1.4,0
journal.pone.0172651.csv,1.4,2.933333333333333,0.4666666666666667,1.8,2.2,0.6,1
journal.pone.0023185.csv,1.25,3.25,0.0,7.75,11.5,0.0,1
journal.pone.0147417.csv,6.166666666666667,7.833333333333333,8.5,13.0,21.5,0.0,3
journal.pone.0052026.csv,2.857142857142857,6.714285714285714,2.4285714285714284,26.285714285714285,15.857142857142858,3.0,0
journal.pone.0186263.csv,4.0,3.6,3.6,3.2,7.0,2.0,0
journal.pone.0043895.csv,2.0,3.0,1.1111111111111112,2.7777777777777777,4.222222222222222,0.6666666666666666,1
journal.pone.0052740.csv,1.0,1.4285714285714286,5.857142857142857,6.285714285714286,0.5714285714285714,1.2857142857142858,1
journal.pone.0211602.csv,2.1666666666666665,5.5,12.0,4.833333333333333,2.1666666666666665,0.6666666666666666,0
journal.pone.0032710.csv,0.6666666666666666,2.5,4.166666666666667,3.3333333333333335,8.166666666666666,0.0,1
journal.pone.0099395.csv,1.0,5.714285714285714,4.714285714285714,7.285714285714286,0.8571428571428571,0.2857142857142857,0
journal.pone.0132738.csv,2.0,2.6363636363636362,5.818181818181818,4.363636363636363,6.818181818181818,0.2727272727272727,1
journal.pone.0093121.csv,2.0833333333333335,2.3333333333333335,3.0,10.833333333333334,8.0,0.9166666666666666,1
journal.pone.0101331.csv,2.4,5.4,0.4,0.2,6.6,0.0,0
journal.pone.0020102.csv,2.8333333333333335,11.0,2.8333333333333335,0.0,0.0,2.3333333333333335,3
journal.pone.0066631.csv,1.2857142857142858,1.4285714285714286,2.142857142857143,4.428571428571429,0.14285714285714285,0.0,1
journal.pone.0131769.csv,2.4444444444444446,4.111111111111111,0.4444444444444444,1.8888888888888888,6.0,0.0,0
journal.pone.0206627.csv,2.0,3.8,7.4,2.9,5.1,0.1,0
journal.pone.0145759.csv,3.8181818181818183,3.5454545454545454,4.909090909090909,5.7272727272727275,7.909090909090909,0.0,0
journal.pone.0031796.csv,3.75,0.875,0.125,1.75,1.125,0.0,1
journal.pone.0172730.csv,2.7,3.1,9.8,7.8,7.6,1.6,1
journal.pone.0206747.csv,2.1666666666666665,3.8333333333333335,2.3333333333333335,5.0,4.666666666666667,0.0,0
journal.pone.0190951.csv,3.4285714285714284,13.0,4.0,1.1428571428571428,8.571428571428571,0.42857142857142855,3
journal.pone.0012013.csv,0.6666666666666666,1.2222222222222223,1.6666666666666667,6.333333333333333,3.6666666666666665,0.0,1
journal.pone.0183736.csv,3.6666666666666665,9.0,12.0,24.11111111111111,12.666666666666666,0.8888888888888888,3
journal.pone.0062053.csv,3.5,5.5,2.5,3.5,8.75,0.0,0
journal.pone.0034229.csv,2.25,1.5,2.5,5.5,0.0,0.0,1
journal.pone.0092388.csv,5.4,4.8,4.6,11.6,8.2,1.8,0
journal.pone.0165099.csv,0.9090909090909091,5.454545454545454,1.7272727272727273,16.181818181818183,0.6363636363636364,0.0,0
journal.pone.0121195.csv,4.0,19.6,3.6,15.4,12.2,3.2,4
journal.pone.0108507.csv,3.5,3.0,2.6666666666666665,17.333333333333332,5.5,2.1666666666666665,1
journal.pone.0139900.csv,4.0,18.25,8.0,7.25,1.0,5.0,4
journal.pone.0013680.csv,2.3333333333333335,5.333333333333333,8.0,2.3333333333333335,0.0,0.0,0
journal.pone.0124992.csv,3.1,3.7,3.1,5.1,6.8,0.5,0
journal.pone.0061558.csv,1.4285714285714286,3.7142857142857144,0.5714285714285714,4.428571428571429,3.5714285714285716,0.8571428571428571,1
journal.pone.0099585.csv,2.1666666666666665,5.833333333333333,1.0,8.833333333333334,1.6666666666666667,0.0,0
journal.pone.0118500.csv,2.1666666666666665,6.0,2.3333333333333335,9.666666666666666,14.833333333333334,2.0,0
journal.pone.0148451.csv,2.909090909090909,7.2727272727272725,5.7272727272727275,14.090909090909092,15.818181818181818,2.090909090909091,0
journal.pone.0221463.csv,2.25,7.75,6.75,17.25,4.75,0.25,3
journal.pone.0056121.csv,4.0,7.166666666666667,4.0,21.166666666666668,14.166666666666666,0.0,3
journal.pone.0159212.csv,2.1666666666666665,4.166666666666667,1.5,6.166666666666667,2.5,0.6666666666666666,0
journal.pone.0190172.csv,3.4444444444444446,2.7777777777777777,5.222222222222222,13.666666666666666,5.222222222222222,1.4444444444444444,1
journal.pone.0182562.csv,5.0,4.111111111111111,3.2222222222222223,11.777777777777779,10.222222222222221,0.7777777777777778,0
journal.pone.0194300.csv,3.125,3.25,2.75,13.625,8.375,0.0,1
journal.pone.0183697.csv,4.25,3.625,5.5,16.625,13.0,1.875,0
journal.pone.0165312.csv,3.0,4.833333333333333,17.5,6.666666666666667,3.3333333333333335,0.0,0
journal.pone.0086089.csv,3.5714285714285716,7.714285714285714,8.857142857142858,19.857142857142858,12.714285714285714,0.0,3
journal.pone.0147400.csv,1.8571428571428572,6.571428571428571,9.714285714285714,9.571428571428571,5.142857142857143,0.2857142857142857,0
journal.pone.0056257.csv,5.5,8.166666666666666,11.166666666666666,24.166666666666668,24.166666666666668,0.0,3
journal.pone.0109021.csv,3.4,5.4,3.6,7.4,8.4,1.0,0
journal.pone.0104277.csv,2.142857142857143,5.714285714285714,5.714285714285714,1.1428571428571428,11.571428571428571,6.714285714285714,0
journal.pone.0030878.csv,2.5714285714285716,1.7142857142857142,5.571428571428571,10.285714285714286,1.8571428571428572,1.1428571428571428,1
journal.pone.0096701.csv,4.0,8.714285714285714,8.857142857142858,19.285714285714285,33.142857142857146,1.0,3
journal.pone.0093692.csv,5.0,6.166666666666667,1.6666666666666667,8.0,10.666666666666666,0.0,0
journal.pone.0164232.csv,3.4615384615384617,4.153846153846154,1.1538461538461537,5.230769230769231,5.384615384615385,0.0,0
journal.pone.0036212.csv,2.4,4.8,0.8,13.0,0.4,0.0,0
journal.pone.0051288.csv,2.5714285714285716,2.7142857142857144,2.0,24.0,0.0,0.0,1
journal.pone.0055788.csv,3.5555555555555554,8.222222222222221,33.0,16.555555555555557,2.6666666666666665,0.0,3
journal.pone.0032707.csv,1.2857142857142858,8.714285714285714,17.0,4.857142857142857,0.0,0.0,3
journal.pone.0028777.csv,1.8,3.6,2.3,9.3,5.4,1.6,1
journal.pone.0019233.csv,5.75,5.75,30.5,25.0,5.75,0.0,0
journal.pone.0057160.csv,1.5,3.75,7.75,4.75,3.75,0.0,1
journal.pone.0148040.csv,2.4,9.6,5.0,7.4,11.6,1.8,3
journal.pone.0219738.csv,3.142857142857143,9.857142857142858,4.857142857142857,5.571428571428571,19.142857142857142,2.142857142857143,3
journal.pone.0166632.csv,3.3333333333333335,6.166666666666667,3.8333333333333335,9.666666666666666,8.333333333333334,0.0,0
journal.pone.0089393.csv,2.5,1.875,3.375,4.75,9.25,2.375,1
journal.pone.0199194.csv,5.142857142857143,10.714285714285714,15.857142857142858,22.571428571428573,20.857142857142858,1.5714285714285714,3
journal.pone.0142974.csv,1.25,1.5,1.0,0.375,2.5,0.0,1
journal.pone.0077930.csv,1.7272727272727273,3.3636363636363638,3.0,4.7272727272727275,5.2727272727272725,0.0,1
journal.pone.0146247.csv,2.6666666666666665,4.166666666666667,3.8333333333333335,2.5,6.5,2.3333333333333335,0
journal.pone.0220146.csv,4.857142857142857,6.571428571428571,2.4285714285714284,16.714285714285715,4.0,0.2857142857142857,0
journal.pone.0152568.csv,2.2,2.0,0.8,8.8,5.8,0.6,1
journal.pone.0217932.csv,3.125,2.625,2.5,4.5,6.375,0.0,1
journal.pone.0083133.csv,2.375,4.625,2.75,11.375,3.875,0.25,0
journal.pone.0153110.csv,0.0,0.0,0.0,0.0,0.0,0.0,1
journal.pone.0080348.csv,1.5,1.2,1.4,1.1,2.3,0.2,1
journal.pone.0061997.csv,1.5714285714285714,0.8571428571428571,2.0,5.0,1.5714285714285714,0.7142857142857143,1
journal.pone.0172928.csv,1.2,2.6,3.8,14.4,5.0,0.0,1
journal.pone.0134202.csv,2.888888888888889,2.7777777777777777,3.0,3.4444444444444446,4.888888888888889,1.5555555555555556,1
journal.pone.0039726.csv,1.1666666666666667,2.0,3.1666666666666665,3.5,5.666666666666667,0.3333333333333333,1
journal.pone.0122312.csv,1.6,2.1,5.1,1.9,4.6,0.6,1
journal.pone.0193917.csv,1.5833333333333333,1.5833333333333333,2.75,1.4166666666666667,1.75,0.4166666666666667,1
journal.pone.0178020.csv,2.6666666666666665,3.4444444444444446,7.555555555555555,6.555555555555555,8.666666666666666,0.6666666666666666,1
journal.pone.0021141.csv,2.625,6.125,5.125,18.25,8.75,0.0,0
journal.pone.0113695.csv,3.0,34.333333333333336,13.666666666666666,31.0,18.333333333333332,0.0,2
journal.pone.0082601.csv,3.142857142857143,2.7142857142857144,0.5714285714285714,4.142857142857143,6.857142857142857,0.0,1
journal.pone.0091669.csv,2.4285714285714284,9.857142857142858,5.714285714285714,7.0,11.0,1.1428571428571428,3
journal.pone.0026835.csv,1.2,1.8,3.6,0.2,0.0,0.0,1
journal.pone.0191899.csv,1.3333333333333333,5.5,6.833333333333333,5.666666666666667,1.8333333333333333,0.0,0
journal.pone.0218963.csv,2.2857142857142856,3.0,2.857142857142857,2.2857142857142856,3.142857142857143,0.2857142857142857,1
journal.pone.0110304.csv,0.0,1.2,0.0,0.0,0.0,0.0,1
journal.pone.0214870.csv,0.8,1.0,0.4,0.8,1.8,0.8,1
journal.pone.0184203.csv,1.8571428571428572,4.428571428571429,8.0,5.142857142857143,6.0,0.5714285714285714,0
journal.pone.0143990.csv,0.0,0.0,0.0,0.0,0.0,0.0,1
journal.pone.0018770.csv,0.5,3.0,0.5,5.0,2.5,0.0,1
journal.pone.0031447.csv,0.5,0.25,1.25,3.75,0.25,0.0,1
journal.pone.0058383.csv,1.625,8.25,14.625,15.625,1.625,1.25,3
journal.pone.0014406.csv,0.0,0.3333333333333333,0.0,0.0,0.3333333333333333,0.0,1
journal.pone.0192893.csv,4.8,4.8,3.2,20.8,11.0,1.4,0
journal.pone.0070816.csv,4.75,11.75,22.5,13.0,5.0,0.0,3
journal.pone.0109494.csv,0.0,0.0,0.0,0.0,0.0,0.0,1
journal.pone.0153956.csv,1.3,1.6,1.3,1.0,2.0,0.0,1
journal.pone.0162209.csv,1.1666666666666667,5.0,1.8333333333333333,20.0,3.6666666666666665,0.16666666666666666,0
journal.pone.0110847.csv,0.8,1.2,0.4,3.4,0.0,0.0,1
journal.pone.0061066.csv,2.4545454545454546,2.3636363636363638,3.4545454545454546,5.636363636363637,2.727272727272727,0.7272727272727273,1
journal.pone.0100275.csv,2.857142857142857,7.714285714285714,1.4285714285714286,2.7142857142857144,5.428571428571429,0.42857142857142855,3
journal.pone.0083154.csv,1.0,7.166666666666667,3.5,1.1666666666666667,2.8333333333333335,1.1666666666666667,0
journal.pone.0137432.csv,1.3636363636363635,3.0,0.2727272727272727,3.909090909090909,4.090909090909091,0.2727272727272727,1
journal.pone.0201886.csv,7.75,8.0,5.0,15.75,12.75,4.5,3
journal.pone.0037426.csv,3.25,9.0,0.0,2.75,6.5,7.75,3
journal.pone.0133898.csv,1.2,2.8,2.2,0.6,1.4,0.0,1
journal.pone.0100705.csv,3.5,3.25,5.0,8.25,12.5,0.0,0
journal.pone.0141995.csv,2.0,3.0,0.75,0.5,6.0,0.0,1
journal.pone.0110264.csv,2.2,5.7,3.6,12.2,6.0,0.5,0
journal.pone.0014758.csv,2.8,4.5,16.5,12.8,2.9,0.5,0
journal.pone.0057107.csv,3.75,12.75,28.0,6.875,5.625,0.0,3
journal.pone.0018823.csv,1.8571428571428572,4.428571428571429,2.4285714285714284,7.714285714285714,10.714285714285714,1.8571428571428572,0
journal.pone.0139147.csv,2.6,2.4,2.0,3.0,9.4,0.4,1
journal.pone.0139621.csv,3.5,4.166666666666667,1.8333333333333333,7.5,8.5,0.0,0
journal.pone.0204518.csv,2.5,11.333333333333334,8.333333333333334,16.333333333333332,10.833333333333334,4.833333333333333,3
journal.pone.0207005.csv,1.3333333333333333,3.3333333333333335,4.666666666666667,2.5,5.166666666666667,0.6666666666666666,1
journal.pone.0209028.csv,3.2,10.2,10.4,10.0,3.4,0.0,3
journal.pone.0055937.csv,1.6,3.2,2.4,4.0,8.0,0.0,1
journal.pone.0211101.csv,2.3333333333333335,3.5555555555555554,5.777777777777778,6.444444444444445,5.222222222222222,1.0,1
journal.pone.0101382.csv,0.0,0.1111111111111111,0.0,0.0,0.0,0.0,1
journal.pone.0203262.csv,2.4,3.0,5.6,9.7,7.0,0.0,1
journal.pone.0054369.csv,4.5,6.625,3.375,14.75,8.125,0.75,0
journal.pone.0043615.csv,2.0,11.833333333333334,7.0,7.833333333333333,17.333333333333332,0.0,3
journal.pone.0044608.csv,1.75,5.5,6.0,4.25,1.25,0.0,0
journal.pone.0113022.csv,2.6363636363636362,4.7272727272727275,1.8181818181818181,7.7272727272727275,4.545454545454546,1.2727272727272727,0
journal.pone.0220478.csv,2.0,11.0,3.1666666666666665,8.166666666666666,11.333333333333334,3.8333333333333335,3
journal.pone.0199441.csv,2.8181818181818183,5.545454545454546,8.363636363636363,3.272727272727273,6.090909090909091,1.2727272727272727,0
journal.pone.0098993.csv,4.2,3.7,4.6,12.0,11.0,0.6,0
journal.pone.0129396.csv,2.5,2.1666666666666665,2.4166666666666665,8.5,0.4166666666666667,2.25,1
journal.pone.0069215.csv,1.8888888888888888,6.777777777777778,3.6666666666666665,4.777777777777778,7.555555555555555,0.0,0
journal.pone.0172621.csv,2.0,2.3333333333333335,4.5,15.666666666666666,4.333333333333333,1.0,1
journal.pone.0199680.csv,1.75,6.833333333333333,8.416666666666666,7.416666666666667,11.666666666666666,0.0,0
journal.pone.0208121.csv,6.5,14.75,7.0,26.25,16.5,0.0,3
journal.pone.0193434.csv,4.0,4.285714285714286,11.0,10.571428571428571,5.571428571428571,1.0,0
journal.pone.0055275.csv,3.1666666666666665,3.8333333333333335,3.5,12.333333333333334,5.0,0.0,0
journal.pone.0181024.csv,3.0,5.4,2.9,9.2,11.6,1.3,0
journal.pone.0056754.csv,1.1428571428571428,2.7142857142857144,1.0,8.428571428571429,0.0,0.0,1
journal.pone.0050325.csv,2.111111111111111,2.5555555555555554,5.222222222222222,10.555555555555555,7.222222222222222,0.6666666666666666,1
journal.pone.0013208.csv,1.8333333333333333,5.166666666666667,4.0,4.666666666666667,0.16666666666666666,0.3333333333333333,0
journal.pone.0070793.csv,1.8,5.6,18.0,2.6,3.2,0.0,0
journal.pone.0020761.csv,1.4285714285714286,4.142857142857143,3.5714285714285716,18.857142857142858,6.857142857142857,0.8571428571428571,0
journal.pone.0025619.csv,2.6,2.6,0.7,14.3,2.4,0.8,1
journal.pone.0111557.csv,4.6,11.6,2.4,3.6,7.0,2.4,3
journal.pone.0026489.csv,4.0,3.3333333333333335,2.6666666666666665,6.666666666666667,12.333333333333334,0.0,0
journal.pone.0193554.csv,3.0,2.0,4.25,32.25,6.75,5.25,1
journal.pone.0156620.csv,1.9230769230769231,2.8461538461538463,6.230769230769231,5.076923076923077,12.153846153846153,1.0769230769230769,1
journal.pone.0100466.csv,1.3333333333333333,1.3333333333333333,0.0,1.6666666666666667,3.8333333333333335,0.3333333333333333,1
journal.pone.0219825.csv,1.75,4.5,14.75,19.375,5.0,6.5,0
journal.pone.0130758.csv,3.5,3.0,5.75,10.5,8.25,1.0,1
journal.pone.0090288.csv,3.5,6.75,4.375,15.5,6.0,2.75,0
journal.pone.0191800.csv,1.5714285714285714,5.142857142857143,3.857142857142857,3.0,7.714285714285714,0.0,0
journal.pone.0043952.csv,2.9,3.8,0.8,2.6,7.2,0.2,0
journal.pone.0053572.csv,1.0833333333333333,1.9166666666666667,1.75,4.75,2.0,0.0,1
journal.pone.0055103.csv,2.6666666666666665,3.111111111111111,1.4444444444444444,13.88888888888889,11.444444444444445,0.0,1
journal.pone.0160812.csv,1.9,2.8,5.4,3.5,1.8,0.2,1
journal.pone.0200838.csv,3.4444444444444446,1.5555555555555556,3.4444444444444446,6.444444444444445,9.666666666666666,0.5555555555555556,1
journal.pone.0211935.csv,1.3333333333333333,1.8333333333333333,0.6666666666666666,9.833333333333334,1.1666666666666667,0.5,1
journal.pone.0132198.csv,0.0,0.0,0.0,0.0,0.0,0.0,1
journal.pone.0100670.csv,1.6,3.2,9.0,13.4,1.4,0.0,1
journal.pone.0010477.csv,3.0,1.8571428571428572,3.0,6.571428571428571,1.8571428571428572,0.0,1
journal.pone.0018983.csv,1.875,2.125,2.25,7.0,3.5,0.0,1
journal.pone.0129592.csv,2.75,4.875,4.125,8.375,11.125,2.0,0
journal.pone.0052646.csv,2.272727272727273,4.090909090909091,13.454545454545455,5.909090909090909,1.0,0.8181818181818182,0
journal.pone.0087709.csv,3.75,2.25,1.125,11.375,4.5,0.0,1
journal.pone.0029592.csv,1.8571428571428572,1.1428571428571428,0.5714285714285714,10.428571428571429,7.142857142857143,0.0,1
journal.pone.0183547.csv,2.5,3.5,8.5,12.0,1.0,0.0,1
journal.pone.0212594.csv,3.5,50.5,14.25,18.25,21.0,0.75,2
journal.pone.0220297.csv,3.3333333333333335,4.666666666666667,3.6666666666666665,3.5,7.833333333333333,0.0,0
journal.pone.0126886.csv,1.9,2.7,2.8,8.1,1.2,0.3,1
journal.pone.0163316.csv,2.3,3.7,3.5,4.8,4.7,0.9,0
journal.pone.0016945.csv,1.0,1.6666666666666667,12.333333333333334,4.666666666666667,3.0,0.0,1
journal.pone.0143213.csv,1.8571428571428572,2.5714285714285716,6.0,7.142857142857143,4.714285714285714,0.5714285714285714,1
journal.pone.0009468.csv,1.5555555555555556,3.111111111111111,12.88888888888889,8.11111111111111,2.4444444444444446,1.1111111111111112,1
journal.pone.0188823.csv,3.25,6.0,2.25,13.0,7.0,5.5,0
journal.pone.0158814.csv,0.8333333333333334,1.5,0.8333333333333334,3.5,1.5,0.6666666666666666,1
journal.pone.0174332.csv,1.0,3.0,1.5,0.875,4.875,0.0,1
journal.pone.0208057.csv,2.727272727272727,4.090909090909091,6.454545454545454,7.454545454545454,8.727272727272727,0.6363636363636364,0
journal.pone.0063882.csv,2.5,3.25,4.625,7.875,8.0,0.0,1
journal.pone.0205573.csv,5.25,21.5,28.25,18.5,15.75,0.5,4
journal.pone.0063666.csv,2.5555555555555554,8.555555555555555,5.666666666666667,15.777777777777779,5.111111111111111,0.3333333333333333,3
journal.pone.0116428.csv,2.125,9.0,4.25,10.25,0.5,0.5,3
journal.pone.0163048.csv,3.4285714285714284,5.285714285714286,7.0,7.571428571428571,8.0,0.8571428571428571,0
journal.pone.0063060.csv,2.0,6.875,3.0,1.625,8.125,0.125,0
journal.pone.0193387.csv,0.9285714285714286,1.7857142857142858,0.42857142857142855,1.5714285714285714,3.0714285714285716,0.5,1
journal.pone.0204043.csv,1.5714285714285714,2.4285714285714284,2.0,5.0,3.857142857142857,0.0,1
journal.pone.0023336.csv,4.833333333333333,3.6666666666666665,5.666666666666667,9.5,9.666666666666666,0.3333333333333333,0
journal.pone.0156554.csv,2.25,5.5,4.0,3.75,7.75,0.25,0
journal.pone.0067951.csv,1.6,1.2,3.8,4.8,2.8,0.4,1
journal.pone.0127391.csv,2.0,7.785714285714286,4.785714285714286,5.285714285714286,10.857142857142858,0.8571428571428571,3
journal.pone.0117520.csv,3.8,7.2,3.2,28.2,1.8,0.4,3
journal.pone.0069798.csv,1.1428571428571428,3.4285714285714284,5.285714285714286,4.142857142857143,3.857142857142857,0.0,1
journal.pone.0015323.csv,1.5,5.5,4.75,18.5,9.0,4.5,0
journal.pone.0170544.csv,1.6363636363636365,1.0,3.272727272727273,1.1818181818181819,2.909090909090909,0.8181818181818182,1
journal.pone.0030612.csv,1.7142857142857142,2.857142857142857,14.0,6.714285714285714,2.2857142857142856,0.0,1
journal.pone.0079212.csv,2.0,1.9090909090909092,2.1818181818181817,9.363636363636363,3.8181818181818183,0.36363636363636365,1
journal.pone.0211894.csv,2.5,3.1666666666666665,5.833333333333333,33.0,12.166666666666666,0.0,1
journal.pone.0046961.csv,4.6,7.0,34.4,11.6,23.2,6.6,0
journal.pone.0038267.csv,1.1111111111111112,2.4444444444444446,1.7777777777777777,5.0,7.111111111111111,1.2222222222222223,1
journal.pone.0124114.csv,2.875,3.125,6.25,12.75,10.5,0.625,1
journal.pone.0080891.csv,2.857142857142857,3.857142857142857,3.2857142857142856,4.857142857142857,6.142857142857143,0.14285714285714285,0
journal.pone.0110528.csv,4.0,5.666666666666667,4.666666666666667,7.166666666666667,4.666666666666667,0.5,0
journal.pone.0092271.csv,3.090909090909091,9.090909090909092,2.8181818181818183,3.8181818181818183,10.090909090909092,1.0909090909090908,3
journal.pone.0060795.csv,2.2222222222222223,3.888888888888889,2.0,16.333333333333332,4.111111111111111,0.5555555555555556,0
journal.pone.0163288.csv,2.5,5.125,4.875,9.25,1.25,1.0,0
journal.pone.0042534.csv,2.875,3.75,4.0,3.125,6.625,0.0,0
journal.pone.0140451.csv,4.0,6.666666666666667,3.1666666666666665,25.166666666666668,11.666666666666666,0.0,0
journal.pone.0119915.csv,1.1666666666666667,1.5,0.16666666666666666,0.8333333333333334,1.5,0.16666666666666666,1
journal.pone.0004788.csv,5.125,2.75,6.125,33.375,7.5,0.0,0
journal.pone.0103781.csv,5.333333333333333,12.0,3.3333333333333335,7.0,6.666666666666667,1.0,3
journal.pone.0012698.csv,1.75,4.0,0.5,4.0,0.75,0.125,0
journal.pone.0206669.csv,2.8181818181818183,6.363636363636363,3.0,11.636363636363637,8.727272727272727,2.1818181818181817,0
journal.pone.0033118.csv,2.3333333333333335,4.166666666666667,4.5,15.0,5.166666666666667,0.0,0
journal.pone.0181972.csv,1.0,3.0,3.4285714285714284,2.5714285714285716,3.4285714285714284,0.0,1
journal.pone.0221229.csv,0.0,0.0,0.0,0.0,0.0,0.0,1
journal.pone.0075830.csv,2.8,6.2,4.0,2.8,16.4,0.0,0
journal.pone.0051986.csv,2.2,3.4,18.6,6.8,0.8,0.0,1
journal.pone.0164929.csv,1.625,3.875,4.375,1.375,2.875,0.75,1
journal.pone.0006174.csv,3.2,5.2,5.2,6.6,5.2,0.0,0
journal.pone.0036128.csv,1.0,2.5,3.5,2.0,6.75,0.0,1
journal.pone.0017864.csv,0.4,0.8,3.6,0.6,1.6,0.0,1
journal.pone.0158626.csv,1.1428571428571428,3.2857142857142856,9.142857142857142,8.428571428571429,4.857142857142857,5.857142857142857,1
journal.pone.0199052.csv,5.0,3.0,3.2,11.6,14.4,0.2,0
journal.pone.0179373.csv,4.333333333333333,7.166666666666667,10.833333333333334,6.333333333333333,11.833333333333334,2.1666666666666665,3
journal.pone.0143789.csv,6.75,5.75,5.875,10.0,18.625,0.0,0
journal.pone.0197533.csv,2.3333333333333335,5.666666666666667,2.0,5.333333333333333,8.0,2.6666666666666665,0
journal.pone.0105051.csv,1.625,3.5,3.25,2.0,5.0,0.125,1
journal.pone.0220527.csv,1.75,2.25,2.25,9.5,5.5,0.375,1
journal.pone.0080729.csv,1.0,2.75,1.5,3.75,3.125,1.0,1
journal.pone.0045471.csv,1.25,2.25,0.125,3.125,3.375,0.0,1
journal.pone.0015534.csv,4.714285714285714,1.7142857142857142,1.7142857142857142,12.0,7.142857142857143,0.0,1
journal.pone.0084205.csv,1.5,19.5,7.0,5.5,5.0,2.5,4
journal.pone.0103418.csv,2.5,3.3,6.6,16.8,8.7,0.3,1
journal.pone.0168520.csv,2.75,4.25,5.5,11.75,8.75,0.0,0
journal.pone.0113192.csv,2.090909090909091,5.181818181818182,2.6363636363636362,15.636363636363637,9.0,0.45454545454545453,0
journal.pone.0102538.csv,2.0,4.0,9.9,9.5,1.7,0.1,0
journal.pone.0066069.csv,3.25,3.875,7.0,8.0,0.625,0.0,0
journal.pone.0053978.csv,3.5,7.333333333333333,8.666666666666666,31.833333333333332,6.666666666666667,2.6666666666666665,3
journal.pone.0216278.csv,2.4285714285714284,4.285714285714286,6.142857142857143,3.0,9.428571428571429,1.5714285714285714,0
journal.pone.0064656.csv,2.5,9.25,6.25,5.25,3.75,12.75,3
journal.pone.0110048.csv,1.8,3.7,4.1,17.3,7.8,0.7,1
journal.pone.0042732.csv,2.0,2.0,2.5714285714285716,2.7142857142857144,5.142857142857143,0.0,1
journal.pone.0180467.csv,1.8461538461538463,2.3846153846153846,3.1538461538461537,8.23076923076923,3.6153846153846154,0.0,1
journal.pone.0060550.csv,3.0,6.0,2.6666666666666665,12.333333333333334,21.0,0.0,0
journal.pone.0217774.csv,3.4444444444444446,3.5555555555555554,6.0,12.555555555555555,18.11111111111111,0.3333333333333333,0
journal.pone.0020606.csv,3.3333333333333335,4.333333333333333,4.0,21.0,5.666666666666667,0.3333333333333333,0
journal.pone.0068483.csv,0.7777777777777778,2.2222222222222223,4.222222222222222,6.888888888888889,6.888888888888889,0.3333333333333333,1
journal.pone.0059110.csv,4.6,9.0,19.4,10.0,17.6,0.0,3
journal.pone.0049303.csv,3.0,5.125,16.75,7.5,4.875,0.0,0
journal.pone.0146030.csv,2.5,4.1,4.0,5.8,9.3,0.2,0
journal.pone.0011197.csv,0.8333333333333334,3.0,2.3333333333333335,5.333333333333333,7.0,2.5,1
journal.pone.0083387.csv,1.9,1.9,1.4,3.9,9.5,0.0,1
journal.pone.0144800.csv,4.75,4.0,5.0,42.5,15.0,0.0,0
journal.pone.0052910.csv,2.1666666666666665,1.6666666666666667,6.5,4.0,4.666666666666667,0.0,1
journal.pone.0130617.csv,3.1666666666666665,11.833333333333334,8.0,6.166666666666667,19.166666666666668,3.5,3
journal.pone.0044196.csv,1.1666666666666667,3.8333333333333335,8.333333333333334,5.833333333333333,5.0,2.0,1
journal.pone.0023118.csv,2.5714285714285716,5.428571428571429,3.857142857142857,6.857142857142857,5.714285714285714,0.0,0
journal.pone.0165171.csv,1.6666666666666667,4.166666666666667,8.833333333333334,9.833333333333334,1.1666666666666667,0.0,0
journal.pone.0189898.csv,2.0,5.0,2.4166666666666665,6.75,3.75,0.6666666666666666,0
journal.pone.0146025.csv,2.5454545454545454,3.272727272727273,3.272727272727273,5.454545454545454,8.818181818181818,0.7272727272727273,1
journal.pone.0069561.csv,2.111111111111111,3.4444444444444446,3.2222222222222223,3.111111111111111,5.666666666666667,1.0,1
journal.pone.0088947.csv,2.2222222222222223,3.0,5.444444444444445,9.666666666666666,4.555555555555555,0.8888888888888888,1
journal.pone.0217985.csv,5.5,4.0,5.75,8.5,11.0,1.5,0
journal.pone.0004014.csv,2.4545454545454546,4.636363636363637,1.7272727272727273,8.0,5.454545454545454,0.0,0
journal.pone.0097668.csv,2.4,4.4,1.8,6.2,1.4,0.4,0
journal.pone.0208696.csv,2.8333333333333335,12.0,4.333333333333333,13.833333333333334,9.166666666666666,0.8333333333333334,3
journal.pone.0154623.csv,2.111111111111111,3.5555555555555554,1.6666666666666667,3.6666666666666665,8.222222222222221,0.0,1
journal.pone.0074322.csv,0.8888888888888888,1.6666666666666667,0.1111111111111111,11.444444444444445,0.6666666666666666,0.2222222222222222,1
journal.pone.0201711.csv,1.875,4.875,7.125,2.375,7.375,0.25,0
journal.pone.0020767.csv,1.2,4.8,7.0,2.6,1.4,2.6,0
journal.pone.0001959.csv,2.6666666666666665,6.0,9.0,13.333333333333334,0.3333333333333333,2.0,0
journal.pone.0138114.csv,4.0,2.0,2.8333333333333335,9.333333333333334,6.833333333333333,1.6666666666666667,1
journal.pone.0141428.csv,0.8333333333333334,1.1666666666666667,6.833333333333333,1.6666666666666667,2.5,3.6666666666666665,1
journal.pone.0082463.csv,2.4,5.2,5.8,8.2,0.4,0.4,0
journal.pone.0091806.csv,1.625,4.125,3.25,8.25,5.5,0.875,0
journal.pone.0144988.csv,3.8333333333333335,4.666666666666667,15.666666666666666,12.0,11.5,0.6666666666666666,0
journal.pone.0082663.csv,0.75,1.625,1.625,1.0,3.0,0.0,1
journal.pone.0185118.csv,3.125,2.25,2.625,9.0,13.625,1.875,1
journal.pone.0114198.csv,2.1818181818181817,3.6363636363636362,4.090909090909091,12.090909090909092,7.818181818181818,0.0,1
journal.pone.0209159.csv,2.8,9.6,5.4,3.6,1.6,1.2,3
journal.pone.0140734.csv,1.625,1.875,1.625,2.375,5.25,0.0,1
journal.pone.0133043.csv,2.230769230769231,3.6923076923076925,5.384615384615385,0.23076923076923078,4.461538461538462,5.538461538461538,0
journal.pone.0136113.csv,6.166666666666667,8.5,1.3333333333333333,17.5,8.666666666666666,1.8333333333333333,3
journal.pone.0037386.csv,2.0,4.166666666666667,4.5,18.666666666666668,9.166666666666666,0.8333333333333334,0
journal.pone.0103745.csv,3.0,4.0,7.428571428571429,8.857142857142858,5.0,0.42857142857142855,0
journal.pone.0142731.csv,3.4285714285714284,3.7142857142857144,5.0,7.285714285714286,8.714285714285714,1.5714285714285714,0
journal.pone.0039397.csv,3.0,7.333333333333333,5.0,9.0,6.333333333333333,0.0,3
journal.pone.0041238.csv,1.25,1.25,19.25,7.25,0.0,1.5,1
journal.pone.0006198.csv,6.0,25.5,1.0,1.5,15.0,0.0,4
journal.pone.0179994.csv,3.0,2.375,3.875,5.375,6.25,0.875,1
journal.pone.0105491.csv,0.0,0.5714285714285714,0.0,0.0,0.0,0.0,1
journal.pone.0179764.csv,2.7777777777777777,2.888888888888889,3.4444444444444446,3.3333333333333335,3.888888888888889,0.6666666666666666,1
journal.pone.0057116.csv,3.5,12.75,4.0,2.25,10.5,0.25,3
journal.pone.0059649.csv,4.285714285714286,4.714285714285714,3.857142857142857,5.428571428571429,9.857142857142858,0.14285714285714285,0
journal.pone.0123867.csv,4.333333333333333,3.6666666666666665,3.888888888888889,16.555555555555557,12.222222222222221,0.5555555555555556,0
journal.pone.0193168.csv,2.25,2.0,1.125,2.875,4.75,0.0,1
journal.pone.0150645.csv,4.2,9.2,4.8,2.4,15.2,0.0,3
journal.pone.0125231.csv,1.1,7.2,3.1,4.9,8.3,0.1,0
journal.pone.0148787.csv,7.333333333333333,21.666666666666668,19.0,13.333333333333334,21.0,18.0,4
journal.pone.0183384.csv,2.3333333333333335,9.0,3.6666666666666665,9.5,7.833333333333333,0.5,3
journal.pone.0197497.csv,2.2,3.2,1.3,5.8,3.8,0.4,1
journal.pone.0155099.csv,2.0,3.4285714285714284,2.7142857142857144,5.0,4.0,0.14285714285714285,1
journal.pone.0113966.csv,1.7142857142857142,1.1428571428571428,0.7142857142857143,3.4285714285714284,1.7142857142857142,0.0,1
journal.pone.0160750.csv,2.4,2.0,10.9,7.6,7.1,0.0,1
journal.pone.0179201.csv,0.5714285714285714,2.0,2.0,7.857142857142857,1.8571428571428572,0.14285714285714285,1
journal.pone.0103585.csv,1.8333333333333333,3.5833333333333335,5.25,10.333333333333334,11.25,0.0,1
journal.pone.0180840.csv,2.8333333333333335,3.5,6.333333333333333,8.666666666666666,22.833333333333332,0.0,0
journal.pone.0140443.csv,4.0,4.0,5.25,5.5,12.5,0.5,0
journal.pone.0044157.csv,2.5714285714285716,5.571428571428571,14.285714285714286,17.571428571428573,1.8571428571428572,0.0,0
journal.pone.0006402.csv,2.0,1.6666666666666667,5.333333333333333,2.6666666666666665,4.666666666666667,0.6666666666666666,1
journal.pone.0013027.csv,1.0,1.3333333333333333,1.4444444444444444,3.5555555555555554,6.0,0.1111111111111111,1
journal.pone.0153403.csv,1.875,1.5,2.125,3.625,4.0,0.0,1
journal.pone.0028258.csv,1.0,1.625,2.5,1.5,3.75,0.0,1
journal.pone.0068654.csv,2.8,1.6,2.2,3.8,5.2,0.0,1
journal.pone.0121283.csv,0.8,4.6,3.4,1.4,6.8,3.4,0
journal.pone.0091232.csv,2.5,4.875,5.625,0.75,2.125,0.75,0
journal.pone.0047660.csv,1.6153846153846154,3.4615384615384617,6.076923076923077,10.76923076923077,0.6153846153846154,0.0,1
journal.pone.0169416.csv,2.5714285714285716,4.285714285714286,3.857142857142857,2.7142857142857144,7.571428571428571,0.8571428571428571,0
journal.pone.0123523.csv,4.222222222222222,5.666666666666667,4.222222222222222,6.222222222222222,8.88888888888889,0.0,0
journal.pone.0206727.csv,0.5714285714285714,4.428571428571429,2.857142857142857,4.285714285714286,3.7142857142857144,0.8571428571428571,0
journal.pone.0027745.csv,1.0,2.4444444444444446,7.0,6.333333333333333,0.6666666666666666,0.0,1
journal.pone.0159270.csv,1.7777777777777777,6.333333333333333,6.888888888888889,24.77777777777778,11.333333333333334,0.0,0
journal.pone.0099726.csv,2.5555555555555554,3.888888888888889,6.888888888888889,31.333333333333332,2.5555555555555554,2.5555555555555554,0
journal.pone.0112073.csv,1.8181818181818181,3.5454545454545454,5.363636363636363,7.636363636363637,5.181818181818182,1.7272727272727273,1
journal.pone.0189509.csv,3.0,3.625,5.125,6.875,5.5,0.375,0
journal.pone.0124072.csv,2.2222222222222223,5.111111111111111,7.111111111111111,4.777777777777778,7.222222222222222,2.111111111111111,0
journal.pone.0218069.csv,1.2,4.5,6.8,5.9,5.6,0.9,0
journal.pone.0035631.csv,1.6666666666666667,2.0,0.6666666666666666,6.0,1.6666666666666667,0.0,1
journal.pone.0182851.csv,3.875,5.875,3.5,33.625,10.125,1.5,0
journal.pone.0204332.csv,2.8181818181818183,6.7272727272727275,5.636363636363637,7.909090909090909,5.2727272727272725,0.8181818181818182,0
journal.pone.0118748.csv,3.7142857142857144,14.571428571428571,9.142857142857142,13.142857142857142,22.571428571428573,1.1428571428571428,3
journal.pone.0205789.csv,1.8333333333333333,1.0,0.5,3.0,2.3333333333333335,0.0,1
journal.pone.0213855.csv,2.3333333333333335,4.5,3.3333333333333335,3.8333333333333335,12.0,0.8333333333333334,0
journal.pone.0151360.csv,3.142857142857143,10.285714285714286,3.5714285714285716,5.428571428571429,12.0,1.2857142857142858,3
journal.pone.0058407.csv,2.0,10.0,19.0,2.75,0.0,0.0,3
journal.pone.0107117.csv,3.7142857142857144,10.285714285714286,0.42857142857142855,15.0,2.5714285714285716,0.2857142857142857,3
journal.pone.0081399.csv,2.5,2.6666666666666665,2.8333333333333335,5.25,7.666666666666667,0.5,1
journal.pone.0025349.csv,4.714285714285714,8.142857142857142,10.285714285714286,25.857142857142858,8.0,0.7142857142857143,3
journal.pone.0036335.csv,3.6666666666666665,4.333333333333333,0.6666666666666666,4.666666666666667,8.666666666666666,0.0,0
journal.pone.0118976.csv,2.6363636363636362,1.9090909090909092,1.9090909090909092,4.181818181818182,6.7272727272727275,0.0,1
journal.pone.0216075.csv,2.6666666666666665,4.0,6.333333333333333,8.166666666666666,10.833333333333334,1.3333333333333333,0
journal.pone.0198192.csv,2.4,2.3,2.5,12.2,5.7,0.0,1
journal.pone.0098347.csv,1.8888888888888888,3.7777777777777777,9.88888888888889,5.888888888888889,6.333333333333333,0.0,1
journal.pone.0107498.csv,4.142857142857143,4.142857142857143,3.2857142857142856,7.428571428571429,10.714285714285714,0.0,0
journal.pone.0076275.csv,2.5555555555555554,3.5555555555555554,4.444444444444445,11.555555555555555,4.0,0.0,0
journal.pone.0132345.csv,1.375,2.0,1.0,2.625,0.75,0.0,1
journal.pone.0034052.csv,0.8,4.2,14.6,3.2,0.2,0.2,1
journal.pone.0114396.csv,1.3333333333333333,2.1666666666666665,1.1666666666666667,2.1666666666666665,4.166666666666667,0.0,1
journal.pone.0104185.csv,3.4444444444444446,8.444444444444445,3.111111111111111,3.4444444444444446,15.444444444444445,1.1111111111111112,3
journal.pone.0214306.csv,2.3333333333333335,4.888888888888889,4.555555555555555,5.444444444444445,2.3333333333333335,1.5555555555555556,0
journal.pone.0156760.csv,1.3,4.1,1.3,1.5,5.6,0.7,0
journal.pone.0179797.csv,1.625,1.875,2.0,12.0,6.625,0.125,1
journal.pone.0097672.csv,2.4285714285714284,6.428571428571429,6.142857142857143,6.714285714285714,6.428571428571429,0.0,0
journal.pone.0140894.csv,2.2,1.6,1.8,1.8,4.8,0.0,1
journal.pone.0181951.csv,1.625,6.875,1.5,8.625,9.5,0.375,0
journal.pone.0153195.csv,2.1666666666666665,1.1666666666666667,2.5,16.166666666666668,7.166666666666667,2.0,1
journal.pone.0199461.csv,1.125,2.125,3.5,2.25,3.25,0.125,1
journal.pone.0016608.csv,2.4285714285714284,3.5714285714285716,6.285714285714286,4.285714285714286,1.8571428571428572,0.2857142857142857,0
journal.pone.0013016.csv,4.166666666666667,10.833333333333334,74.5,21.666666666666668,8.333333333333334,2.0,3
journal.pone.0062823.csv,2.625,2.125,2.875,21.375,10.875,0.0,1
journal.pone.0006369.csv,1.6666666666666667,1.6666666666666667,5.0,5.0,7.0,1.0,1
journal.pone.0114779.csv,3.2,8.2,2.2,10.2,11.2,0.6,3
journal.pone.0190492.csv,1.625,31.25,11.125,4.875,25.125,1.5,2
journal.pone.0131512.csv,3.111111111111111,1.7777777777777777,2.5555555555555554,16.11111111111111,4.333333333333333,0.7777777777777778,1
journal.pone.0185908.csv,3.3,3.7,3.9,6.8,8.5,0.8,0
journal.pone.0102873.csv,1.875,4.625,25.375,5.0,2.5,0.5,0
journal.pone.0205154.csv,2.25,8.75,5.25,10.25,9.5,2.25,3
journal.pone.0179543.csv,3.625,4.625,7.625,11.625,8.875,0.0,0
journal.pone.0091799.csv,1.25,1.75,0.75,0.5,2.0,1.25,1
journal.pone.0164512.csv,1.5454545454545454,1.6363636363636365,2.4545454545454546,7.454545454545454,6.090909090909091,0.45454545454545453,1
journal.pone.0177988.csv,3.4,3.8,4.0,10.8,10.0,1.4,0
journal.pone.0204048.csv,2.2,5.0,0.7,9.9,11.1,1.4,0
journal.pone.0220854.csv,1.3636363636363635,7.2727272727272725,3.727272727272727,7.2727272727272725,15.454545454545455,1.0,0
journal.pone.0141235.csv,2.8333333333333335,2.6666666666666665,4.333333333333333,10.333333333333334,7.0,0.0,1
journal.pone.0015116.csv,1.6666666666666667,1.6666666666666667,4.5,3.25,0.6666666666666666,0.08333333333333333,1
journal.pone.0079966.csv,3.5,5.0,4.166666666666667,7.166666666666667,5.833333333333333,0.8333333333333334,0
journal.pone.0198554.csv,2.75,12.0,4.75,7.25,4.75,1.5,3
journal.pone.0059452.csv,1.5,4.0,0.25,2.0,5.25,0.0,0
journal.pone.0031665.csv,2.1666666666666665,4.833333333333333,4.0,3.5,6.0,0.0,0
journal.pone.0060364.csv,3.875,9.0,6.875,15.375,12.875,1.625,3
journal.pone.0220920.csv,1.6666666666666667,1.7777777777777777,2.4444444444444446,2.888888888888889,0.6666666666666666,0.0,1
journal.pone.0179806.csv,4.2,1.6,3.0,5.8,5.6,0.0,1
journal.pone.0128485.csv,3.6666666666666665,3.0,9.666666666666666,0.6666666666666666,5.666666666666667,0.6666666666666666,1
journal.pone.0056615.csv,1.5714285714285714,6.857142857142857,2.2857142857142856,5.428571428571429,4.142857142857143,0.0,0
journal.pone.0099064.csv,1.75,4.25,1.25,4.0,0.0,0.0,0
journal.pone.0033502.csv,2.5,2.8333333333333335,5.5,5.666666666666667,0.16666666666666666,0.0,1
journal.pone.0093944.csv,2.857142857142857,3.0,0.8571428571428571,10.857142857142858,4.857142857142857,0.14285714285714285,1
journal.pone.0191821.csv,2.0,5.0,15.571428571428571,6.571428571428571,7.142857142857143,0.0,0
journal.pone.0179351.csv,1.5,4.375,1.625,4.125,1.75,0.0,0
journal.pone.0069803.csv,2.3333333333333335,2.5555555555555554,4.0,3.111111111111111,7.333333333333333,0.1111111111111111,1
journal.pone.0038480.csv,1.4,4.2,3.8,0.8,4.2,0.0,0
journal.pone.0145457.csv,1.8,3.7,1.4,17.4,8.5,0.8,1
journal.pone.0030962.csv,3.125,5.875,5.875,5.875,5.5,0.0,0
journal.pone.0084579.csv,2.1666666666666665,7.166666666666667,2.5,1.6666666666666667,2.3333333333333335,0.0,0
journal.pone.0073873.csv,1.8888888888888888,2.7777777777777777,2.0,3.7777777777777777,4.111111111111111,0.1111111111111111,1
journal.pone.0111992.csv,3.111111111111111,2.0,1.3333333333333333,10.0,5.666666666666667,0.4444444444444444,1
journal.pone.0010440.csv,11.0,10.0,42.0,24.0,8.0,9.0,3
journal.pone.0138482.csv,2.0,1.4545454545454546,3.3636363636363638,7.909090909090909,6.545454545454546,0.0,1
journal.pone.0132150.csv,1.8571428571428572,2.7142857142857144,2.7142857142857144,10.714285714285714,7.0,1.7142857142857142,1
journal.pone.0004390.csv,3.3333333333333335,16.0,11.0,7.0,10.333333333333334,0.0,4
journal.pone.0179353.csv,3.0,6.0,2.6666666666666665,8.0,5.5,1.3333333333333333,0
journal.pone.0120540.csv,2.75,4.25,4.75,5.5,5.5,0.0,0
journal.pone.0016970.csv,3.4285714285714284,4.285714285714286,12.857142857142858,7.0,0.2857142857142857,0.0,0
journal.pone.0127561.csv,3.142857142857143,4.571428571428571,3.5714285714285716,9.714285714285714,10.857142857142858,0.0,0
journal.pone.0056603.csv,6.0,6.25,2.0,33.75,13.75,1.0,0
journal.pone.0119666.csv,2.142857142857143,5.0,4.0,8.428571428571429,8.0,1.4285714285714286,0
journal.pone.0141425.csv,1.9,2.4,3.2,6.5,6.5,0.3,1
journal.pone.0088631.csv,1.2857142857142858,7.857142857142857,2.5714285714285716,13.285714285714286,8.714285714285714,0.7142857142857143,3
journal.pone.0203862.csv,1.7142857142857142,6.428571428571429,3.7142857142857144,8.142857142857142,1.4285714285714286,1.0,0
journal.pone.0087270.csv,1.5,2.1,7.8,3.3,3.1,0.0,1
journal.pone.0124524.csv,2.5,5.5,4.666666666666667,11.833333333333334,8.333333333333334,0.0,0
journal.pone.0153974.csv,1.3076923076923077,7.461538461538462,3.3846153846153846,6.0,11.692307692307692,1.0,0
journal.pone.0103825.csv,4.285714285714286,4.714285714285714,8.142857142857142,13.857142857142858,8.0,1.0,0
journal.pone.0213318.csv,2.2,4.8,0.8,3.4,16.6,0.0,0
journal.pone.0209340.csv,4.857142857142857,8.714285714285714,4.714285714285714,10.285714285714286,22.571428571428573,2.857142857142857,3
journal.pone.0164128.csv,3.6666666666666665,9.166666666666666,0.8333333333333334,4.0,17.333333333333332,9.0,3
journal.pone.0125160.csv,5.2,6.0,5.6,32.2,16.0,0.0,0
journal.pone.0089473.csv,3.2222222222222223,3.111111111111111,2.111111111111111,8.555555555555555,0.8888888888888888,0.1111111111111111,1
journal.pone.0004019.csv,2.5,1.25,8.5,6.25,11.75,0.0,1
journal.pone.0064712.csv,1.3333333333333333,7.833333333333333,1.3333333333333333,2.5,7.5,0.16666666666666666,3
journal.pone.0075145.csv,3.0,4.0,0.6666666666666666,4.666666666666667,7.333333333333333,0.6666666666666666,0
journal.pone.0027617.csv,1.5,2.625,3.5,9.875,6.625,0.5,1
journal.pone.0056207.csv,2.0,2.0,2.1666666666666665,5.5,6.333333333333333,0.16666666666666666,1
journal.pone.0023129.csv,2.2857142857142856,2.857142857142857,2.0714285714285716,2.0714285714285716,4.285714285714286,0.0,1
journal.pone.0124652.csv,1.5,4.625,0.0,13.375,4.625,0.625,0
journal.pone.0182902.csv,2.2,14.2,0.6,11.0,8.4,3.6,3
journal.pone.0060005.csv,1.75,1.25,1.625,3.25,2.25,0.125,1
journal.pone.0124647.csv,1.7692307692307692,3.3076923076923075,1.7692307692307692,10.0,5.230769230769231,0.0,1
journal.pone.0190309.csv,2.3076923076923075,2.1538461538461537,6.076923076923077,7.153846153846154,8.923076923076923,1.0769230769230769,1
journal.pone.0135979.csv,2.75,3.375,3.25,9.875,5.25,0.0,1
journal.pone.0174931.csv,0.75,3.5,0.5,0.5,3.25,1.75,1
journal.pone.0027399.csv,3.2,4.2,18.8,8.3,4.2,0.0,0
journal.pone.0214270.csv,3.125,9.375,4.125,4.75,8.875,1.625,3
journal.pone.0061125.csv,2.111111111111111,4.888888888888889,2.6666666666666665,36.44444444444444,13.11111111111111,0.0,0
journal.pone.0036069.csv,1.125,2.5,3.875,1.5,2.25,0.0,1
journal.pone.0063068.csv,3.25,7.5,3.0,11.75,5.75,3.0,3
journal.pone.0136733.csv,1.7142857142857142,3.5714285714285716,3.857142857142857,2.857142857142857,5.142857142857143,0.0,1
journal.pone.0179030.csv,3.0,3.0,5.125,2.0,5.0,0.25,1
journal.pone.0114586.csv,2.6666666666666665,3.8333333333333335,2.0,10.666666666666666,1.8333333333333333,0.3333333333333333,0
journal.pone.0117702.csv,1.8333333333333333,2.5,0.6666666666666666,5.0,5.666666666666667,1.1666666666666667,1
journal.pone.0035414.csv,2.8,2.8,11.4,10.8,5.4,2.4,1
journal.pone.0118592.csv,2.0,1.0,6.333333333333333,9.833333333333334,6.833333333333333,0.5,1
journal.pone.0092683.csv,1.4615384615384615,2.076923076923077,9.384615384615385,4.846153846153846,2.076923076923077,0.0,1
journal.pone.0174474.csv,3.0,4.5,5.75,17.5,10.5,0.75,0
journal.pone.0139574.csv,1.0,1.5,2.25,3.375,2.0,0.0,1
journal.pone.0108756.csv,3.5,3.1666666666666665,1.3333333333333333,6.5,6.166666666666667,0.0,0
journal.pone.0193576.csv,4.571428571428571,10.857142857142858,7.285714285714286,5.142857142857143,15.857142857142858,4.714285714285714,3
journal.pone.0118551.csv,2.3333333333333335,5.666666666666667,3.3333333333333335,22.5,10.833333333333334,1.0,0
journal.pone.0107471.csv,1.6666666666666667,2.2222222222222223,2.2222222222222223,5.666666666666667,7.333333333333333,0.6666666666666666,1
journal.pone.0206927.csv,1.8666666666666667,1.2,1.7333333333333334,5.133333333333334,5.6,0.06666666666666667,1
journal.pone.0119115.csv,3.5714285714285716,7.857142857142857,1.4285714285714286,29.857142857142858,8.714285714285714,2.5714285714285716,3
journal.pone.0009474.csv,2.5,3.75,0.75,5.0,6.0,0.0,0
journal.pone.0177425.csv,2.2857142857142856,1.2857142857142858,3.5714285714285716,1.2857142857142858,1.7142857142857142,0.14285714285714285,1
journal.pone.0153550.csv,3.125,4.125,6.5,17.125,8.75,7.0,0
journal.pone.0149508.csv,1.1111111111111112,2.111111111111111,1.7777777777777777,1.0,3.3333333333333335,0.2222222222222222,1
journal.pone.0075597.csv,2.1666666666666665,7.666666666666667,10.75,7.916666666666667,3.3333333333333335,1.1666666666666667,3
journal.pone.0010327.csv,1.375,4.25,6.875,6.75,8.25,1.875,0
journal.pone.0065794.csv,2.875,8.25,11.0,11.75,12.75,1.125,3
journal.pone.0181412.csv,3.5555555555555554,2.2222222222222223,9.11111111111111,7.666666666666667,12.333333333333334,0.0,1
journal.pone.0083577.csv,1.6,2.0,1.1,4.4,3.5,0.0,1
journal.pone.0123702.csv,3.25,4.625,27.625,13.75,0.625,1.75,0
journal.pone.0194786.csv,2.4285714285714284,2.5714285714285716,3.0,6.428571428571429,13.0,0.2857142857142857,1
journal.pone.0102082.csv,0.7142857142857143,10.0,3.2857142857142856,29.571428571428573,3.857142857142857,0.0,3
journal.pone.0194235.csv,4.5,6.166666666666667,5.0,41.5,14.333333333333334,2.3333333333333335,0
journal.pone.0196436.csv,1.7142857142857142,2.7142857142857144,0.5714285714285714,5.142857142857143,6.428571428571429,0.7142857142857143,1
journal.pone.0084998.csv,2.6,5.2,1.5,8.9,6.9,1.6,0
journal.pone.0124247.csv,3.5555555555555554,3.6666666666666665,6.222222222222222,10.0,11.666666666666666,0.7777777777777778,0
journal.pone.0011377.csv,2.2,6.4,0.8,9.6,11.4,0.2,0
journal.pone.0085502.csv,2.3333333333333335,4.833333333333333,1.0,13.0,7.166666666666667,0.16666666666666666,0
journal.pone.0161690.csv,2.9,2.0,1.7,6.9,6.1,0.0,1
journal.pone.0020800.csv,2.75,4.0,2.25,17.0,13.25,0.75,0
journal.pone.0152514.csv,0.8333333333333334,2.5,1.5,4.0,0.6666666666666666,0.5,1
journal.pone.0199117.csv,1.7272727272727273,2.090909090909091,0.7272727272727273,1.0,3.0,0.2727272727272727,1
journal.pone.0135216.csv,1.75,2.25,1.125,0.25,1.5,1.5,1
journal.pone.0178302.csv,3.6666666666666665,5.0,2.3333333333333335,16.666666666666668,2.8333333333333335,0.8333333333333334,0
journal.pone.0045097.csv,1.0,1.4,6.2,4.6,1.0,1.2,1
journal.pone.0012859.csv,3.0,3.6,11.6,10.8,6.6,0.0,0
journal.pone.0033883.csv,1.8571428571428572,3.857142857142857,4.285714285714286,4.571428571428571,7.142857142857143,0.2857142857142857,0
journal.pone.0018151.csv,1.0,2.25,2.5,6.5,0.0,0.0,1
journal.pone.0095513.csv,0.0,0.0,0.0,0.0,0.0,0.0,1
journal.pone.0008356.csv,0.7142857142857143,2.857142857142857,2.857142857142857,4.571428571428571,1.5714285714285714,0.7142857142857143,1
journal.pone.0011607.csv,3.0,4.0,1.6666666666666667,19.166666666666668,8.0,0.6666666666666666,0
journal.pone.0200956.csv,1.4545454545454546,4.2727272727272725,8.0,0.2727272727272727,2.272727272727273,0.36363636363636365,0
journal.pone.0140306.csv,0.0,0.0,0.0,0.0,0.0,0.0,1
journal.pone.0086221.csv,2.25,2.875,3.375,4.25,6.375,7.5,1
journal.pone.0036509.csv,9.5,15.5,31.5,25.5,44.0,1.5,4
journal.pone.0020419.csv,1.3076923076923077,3.0,3.8461538461538463,3.3076923076923075,1.9230769230769231,0.0,1
journal.pone.0057849.csv,2.4,4.2,6.2,7.4,10.2,0.6,0
journal.pone.0060015.csv,2.111111111111111,5.888888888888889,4.444444444444445,12.777777777777779,6.888888888888889,0.2222222222222222,0
journal.pone.0127438.csv,3.3333333333333335,4.0,11.0,17.5,10.333333333333334,2.6666666666666665,0
journal.pone.0133464.csv,2.4285714285714284,5.285714285714286,3.142857142857143,5.0,3.0,0.42857142857142855,0
journal.pone.0012333.csv,0.8,0.6,2.8,3.0,0.2,0.0,1
journal.pone.0124681.csv,3.4,13.2,6.0,15.8,11.0,3.6,3
journal.pone.0094156.csv,1.8,1.2,6.2,4.8,2.8,0.0,1
journal.pone.0159642.csv,5.0,11.5,11.0,14.5,23.0,5.25,3
journal.pone.0053353.csv,7.444444444444445,8.666666666666666,4.111111111111111,25.555555555555557,14.777777777777779,0.0,3
journal.pone.0036736.csv,1.4285714285714286,7.428571428571429,10.0,17.285714285714285,16.428571428571427,0.7142857142857143,0
journal.pone.0222089.csv,1.6428571428571428,3.357142857142857,4.071428571428571,10.142857142857142,3.142857142857143,0.0,1
journal.pone.0154831.csv,4.333333333333333,3.5,2.3333333333333335,6.666666666666667,10.166666666666666,1.0,0
journal.pone.0123313.csv,2.2,1.8,0.8,7.0,4.4,0.6,1
journal.pone.0152267.csv,1.1666666666666667,3.0,1.5,1.8333333333333333,2.1666666666666665,0.0,1
journal.pone.0138082.csv,3.2222222222222223,5.0,4.555555555555555,5.333333333333333,11.333333333333334,0.0,0
journal.pone.0087314.csv,2.3333333333333335,2.1666666666666665,1.6666666666666667,2.0,2.5,0.3333333333333333,1
journal.pone.0107500.csv,3.6666666666666665,4.333333333333333,2.6666666666666665,6.0,4.166666666666667,0.0,0
journal.pone.0104009.csv,3.4444444444444446,1.8888888888888888,2.6666666666666665,3.3333333333333335,1.8888888888888888,0.2222222222222222,1
journal.pone.0181822.csv,2.75,4.0,4.75,15.5,2.75,1.0,0
journal.pone.0074471.csv,3.2222222222222223,7.666666666666667,4.888888888888889,10.0,7.333333333333333,1.1111111111111112,3
journal.pone.0164886.csv,4.25,4.125,7.25,7.5,4.75,2.375,0
journal.pone.0201903.csv,2.5,7.0,6.333333333333333,24.5,1.3333333333333333,0.16666666666666666,0
journal.pone.0092490.csv,0.0,0.0,0.0,0.0,0.0,0.0,1
journal.pone.0092321.csv,2.0,3.625,2.75,11.25,0.0,0.0,1
journal.pone.0014622.csv,2.0,4.111111111111111,5.555555555555555,4.111111111111111,3.888888888888889,1.0,0
journal.pone.0144997.csv,2.0833333333333335,2.1666666666666665,6.083333333333333,6.833333333333333,6.833333333333333,1.6666666666666667,1
journal.pone.0097517.csv,1.0,2.0,0.0,0.8,0.0,0.0,1
journal.pone.0152887.csv,5.0,4.714285714285714,8.142857142857142,6.142857142857143,11.428571428571429,0.0,0
journal.pone.0198626.csv,1.2857142857142858,5.428571428571429,2.7142857142857144,4.142857142857143,6.857142857142857,0.0,0
journal.pone.0045321.csv,2.4444444444444446,3.0,1.0,9.333333333333334,2.888888888888889,0.8888888888888888,1
journal.pone.0153594.csv,2.8333333333333335,5.083333333333333,5.583333333333333,28.083333333333332,13.0,0.0,0
journal.pone.0067619.csv,1.8,4.2,14.4,3.5,5.9,2.2,0
journal.pone.0139017.csv,3.3333333333333335,3.8333333333333335,2.6666666666666665,20.666666666666668,9.5,0.6666666666666666,0
journal.pone.0185475.csv,1.0,3.8,4.0,0.4,6.2,0.0,1
journal.pone.0075786.csv,2.6666666666666665,4.333333333333333,1.3333333333333333,4.666666666666667,5.5,0.0,0
journal.pone.0073491.csv,2.0,2.2857142857142856,7.285714285714286,3.2857142857142856,0.0,0.0,1
journal.pone.0186168.csv,1.5,4.333333333333333,4.75,15.333333333333334,16.166666666666668,1.9166666666666667,0
journal.pone.0124287.csv,2.5,2.8333333333333335,6.75,14.0,8.25,1.0833333333333333,1
journal.pone.0106754.csv,1.4285714285714286,2.2857142857142856,0.7142857142857143,2.7142857142857144,1.7142857142857142,1.4285714285714286,1
journal.pone.0001749.csv,1.1111111111111112,2.5555555555555554,10.222222222222221,5.444444444444445,4.666666666666667,1.0,1
journal.pone.0016235.csv,2.0,2.25,8.125,6.0,3.0,2.375,1
journal.pone.0165224.csv,3.0,2.857142857142857,1.5714285714285714,1.2857142857142858,4.142857142857143,0.0,1
journal.pone.0169422.csv,1.8181818181818181,3.5454545454545454,3.1818181818181817,3.909090909090909,4.7272727272727275,0.0,1
journal.pone.0218511.csv,3.2222222222222223,6.0,5.888888888888889,10.88888888888889,11.0,0.0,0
journal.pone.0041219.csv,2.0833333333333335,1.5833333333333333,0.5,7.083333333333333,4.75,0.3333333333333333,1
journal.pone.0177967.csv,4.25,8.125,6.25,23.0,0.0,0.0,3
journal.pone.0075625.csv,0.4444444444444444,1.1111111111111112,4.333333333333333,2.0,0.5555555555555556,0.1111111111111111,1
journal.pone.0126241.csv,9.0,1.5,3.0,6.5,5.5,1.0,0
journal.pone.0001832.csv,1.6,2.4,6.4,0.8,0.6,0.6,1
journal.pone.0158210.csv,1.2857142857142858,1.4285714285714286,0.14285714285714285,7.571428571428571,7.285714285714286,0.2857142857142857,1
journal.pone.0007072.csv,1.125,1.625,6.625,2.875,3.875,0.625,1
journal.pone.0191986.csv,2.0,7.666666666666667,6.666666666666667,13.833333333333334,9.0,1.5,3
journal.pone.0056201.csv,1.1666666666666667,3.3333333333333335,1.0,3.8333333333333335,4.0,0.3333333333333333,1
journal.pone.0171872.csv,1.5555555555555556,1.7777777777777777,3.7777777777777777,17.333333333333332,12.444444444444445,0.3333333333333333,1
journal.pone.0018185.csv,1.8,5.4,3.2,9.6,9.4,1.0,0
journal.pone.0167779.csv,1.75,2.25,6.25,3.75,1.0,0.75,1
journal.pone.0135981.csv,4.75,4.125,2.125,18.625,11.25,0.875,0
journal.pone.0221780.csv,2.25,7.25,6.0,7.25,10.5,0.75,0
journal.pone.0066472.csv,1.8,3.2,2.8,2.6,5.0,0.4,1
journal.pone.0036245.csv,1.375,2.625,1.25,5.125,4.875,0.0,1
journal.pone.0163244.csv,1.6,3.7,6.5,9.9,1.4,0.8,1
journal.pone.0080875.csv,1.3333333333333333,3.6666666666666665,2.3333333333333335,3.1666666666666665,5.666666666666667,0.3333333333333333,1
journal.pone.0136286.csv,3.3,4.3,3.7,4.9,12.7,0.2,0
journal.pone.0158239.csv,0.6666666666666666,0.3333333333333333,0.0,0.0,0.3333333333333333,1.0,1
journal.pone.0134485.csv,3.8181818181818183,2.1818181818181817,3.5454545454545454,6.818181818181818,5.181818181818182,0.0,1
journal.pone.0163293.csv,4.428571428571429,5.428571428571429,6.857142857142857,8.571428571428571,12.571428571428571,0.5714285714285714,0
journal.pone.0090694.csv,1.3333333333333333,4.666666666666667,2.8333333333333335,6.0,1.8333333333333333,0.0,0
journal.pone.0108817.csv,3.6666666666666665,7.666666666666667,17.333333333333332,12.0,0.0,0.0,3
journal.pone.0103942.csv,2.25,7.5,9.5,2.5,7.0,2.25,3
journal.pone.0110094.csv,2.0,5.5,3.375,8.625,2.125,0.625,0
journal.pone.0170984.csv,2.6,1.6,2.2,5.0,4.4,1.2,1
journal.pone.0018386.csv,1.4285714285714286,1.4285714285714286,1.7142857142857142,2.142857142857143,3.0,0.0,1
journal.pone.0186021.csv,3.0,2.0,1.875,16.25,8.25,1.5,1
journal.pone.0154629.csv,3.3,3.3,1.3,14.8,10.5,0.2,0
journal.pone.0069423.csv,2.3333333333333335,7.5,24.5,18.833333333333332,3.8333333333333335,0.0,3
journal.pone.0162562.csv,4.428571428571429,7.285714285714286,17.714285714285715,8.571428571428571,10.428571428571429,0.7142857142857143,3
journal.pone.0179156.csv,1.7777777777777777,2.7777777777777777,5.666666666666667,5.111111111111111,6.111111111111111,0.6666666666666666,1
journal.pone.0081809.csv,1.25,2.75,6.25,3.875,0.375,2.375,1
journal.pone.0182327.csv,2.75,6.125,7.875,7.0,13.625,1.375,0
journal.pone.0186627.csv,0.0,0.0,0.0,0.0,0.0,0.0,1
journal.pone.0193564.csv,2.5714285714285716,2.5714285714285716,2.5714285714285716,8.142857142857142,4.285714285714286,1.2857142857142858,1
journal.pone.0150249.csv,2.5,2.5,2.3,3.4,7.0,0.3,1
journal.pone.0108036.csv,0.875,3.5,4.625,4.875,0.125,0.0,1
journal.pone.0019891.csv,2.5555555555555554,2.7777777777777777,10.333333333333334,7.666666666666667,1.4444444444444444,0.4444444444444444,1
journal.pone.0211044.csv,0.9,4.4,5.6,4.2,2.2,0.0,0
journal.pone.0128655.csv,3.2857142857142856,5.714285714285714,1.7142857142857142,7.0,8.142857142857142,0.14285714285714285,0
journal.pone.0210414.csv,1.375,1.875,1.875,0.875,2.875,0.0,1
journal.pone.0025371.csv,1.7777777777777777,7.222222222222222,16.88888888888889,8.88888888888889,8.333333333333334,1.7777777777777777,0
journal.pone.0167630.csv,1.3888888888888888,3.1666666666666665,2.2222222222222223,2.2222222222222223,6.555555555555555,1.1666666666666667,1
journal.pone.0002725.csv,3.2857142857142856,5.714285714285714,24.857142857142858,13.142857142857142,2.0,2.0,0
journal.pone.0206289.csv,1.6,1.1,1.6,4.6,2.2,0.5,1
journal.pone.0188408.csv,1.3333333333333333,6.5,4.0,3.5,6.0,0.0,0
journal.pone.0147279.csv,1.7142857142857142,2.2857142857142856,1.4285714285714286,19.714285714285715,9.285714285714286,3.0,1
journal.pone.0195459.csv,3.1,2.7,2.1,6.0,5.7,0.3,1
journal.pone.0176926.csv,1.6666666666666667,3.5,1.5,2.5,4.333333333333333,0.0,1
journal.pone.0100155.csv,1.7692307692307692,2.4615384615384617,1.3076923076923077,3.8461538461538463,6.153846153846154,0.0,1
journal.pone.0032859.csv,2.8,3.6,5.6,7.2,2.6,0.4,0
journal.pone.0105011.csv,1.6666666666666667,2.1666666666666665,3.1666666666666665,3.6666666666666665,1.3333333333333333,0.3333333333333333,1
journal.pone.0012579.csv,4.333333333333333,4.333333333333333,18.833333333333332,12.833333333333334,11.5,0.0,0
journal.pone.0113854.csv,2.6,5.2,1.4,9.0,8.6,0.0,0
journal.pone.0123997.csv,1.7777777777777777,3.5555555555555554,6.222222222222222,3.0,2.2222222222222223,1.2222222222222223,1
journal.pone.0164362.csv,7.0,16.6,14.4,15.6,12.4,4.6,4
journal.pone.0062075.csv,1.0,1.625,0.5,0.625,2.875,0.125,1
journal.pone.0194907.csv,1.2,1.4,5.6,1.2,0.0,0.4,1
journal.pone.0120508.csv,1.75,3.125,2.125,12.0,4.25,0.375,1
journal.pone.0125316.csv,3.3,4.1,5.8,9.7,9.2,0.0,0
journal.pone.0213393.csv,1.1,0.9,2.0,5.8,0.9,0.6,1
journal.pone.0199760.csv,4.714285714285714,3.4285714285714284,3.857142857142857,50.714285714285715,18.428571428571427,13.714285714285714,0
journal.pone.0072919.csv,1.8,3.4,2.8,15.0,8.0,0.0,1
journal.pone.0154074.csv,1.5,4.166666666666667,3.3333333333333335,6.166666666666667,4.333333333333333,2.6666666666666665,0
journal.pone.0115766.csv,2.25,8.25,5.25,2.875,1.0,0.375,3
journal.pone.0222172.csv,3.5,6.3,4.5,5.1,12.0,0.7,0
journal.pone.0117603.csv,4.0,10.333333333333334,6.666666666666667,1.0,8.0,1.3333333333333333,3
journal.pone.0208770.csv,0.7777777777777778,3.7777777777777777,1.1111111111111112,3.5555555555555554,3.888888888888889,1.2222222222222223,1
journal.pone.0205532.csv,1.25,3.0,3.375,6.5,1.625,0.125,1
journal.pone.0169336.csv,4.5,6.5,9.333333333333334,17.666666666666668,16.166666666666668,0.0,0
journal.pone.0025114.csv,0.5,2.0,1.5,1.3333333333333333,1.0,0.5,1
journal.pone.0188692.csv,2.6,2.2,3.4,3.1,10.2,0.3,1
journal.pone.0116327.csv,3.5555555555555554,3.4444444444444446,3.888888888888889,19.11111111111111,15.88888888888889,1.5555555555555556,0
journal.pone.0014524.csv,4.4,8.0,29.0,17.0,0.8,0.0,3
journal.pone.0049192.csv,3.7777777777777777,6.666666666666667,2.888888888888889,9.333333333333334,7.666666666666667,0.0,0
journal.pone.0142979.csv,2.125,3.125,3.0,17.875,5.125,1.875,1
journal.pone.0071419.csv,2.0,6.4,1.0,10.4,0.0,0.0,0
journal.pone.0028544.csv,1.1666666666666667,2.3333333333333335,0.3333333333333333,6.166666666666667,0.3333333333333333,0.0,1
journal.pone.0127111.csv,6.0,4.333333333333333,4.333333333333333,5.833333333333333,11.333333333333334,1.5,0
journal.pone.0044893.csv,2.1,3.3,2.1,6.0,5.7,0.0,1
journal.pone.0065849.csv,0.2,4.2,4.0,5.2,2.4,0.4,1
journal.pone.0124801.csv,1.0,0.5,0.0,0.0,2.0,0.0,1
journal.pone.0013908.csv,1.6666666666666667,1.5,1.0,5.166666666666667,7.5,0.3333333333333333,1
journal.pone.0055785.csv,2.5,2.625,2.5,21.75,9.875,1.125,1
journal.pone.0140388.csv,3.4,7.4,19.0,3.6,2.2,0.0,3
journal.pone.0027307.csv,1.4285714285714286,5.428571428571429,0.2857142857142857,0.5714285714285714,3.2857142857142856,0.0,0
journal.pone.0063550.csv,1.5454545454545454,3.3636363636363638,2.4545454545454546,7.909090909090909,7.363636363636363,0.5454545454545454,1
journal.pone.0156299.csv,2.111111111111111,2.7777777777777777,13.555555555555555,7.555555555555555,9.11111111111111,0.0,1
journal.pone.0206416.csv,2.909090909090909,4.2727272727272725,1.3636363636363635,3.090909090909091,5.454545454545454,0.5454545454545454,0
journal.pone.0107001.csv,2.1666666666666665,3.6666666666666665,3.5,17.0,10.666666666666666,0.6666666666666666,1
journal.pone.0003501.csv,4.0,2.625,4.625,3.625,3.875,0.0,1
journal.pone.0001458.csv,1.5,1.5,9.5,1.5,0.0,0.0,1
journal.pone.0121950.csv,2.2857142857142856,14.142857142857142,2.857142857142857,1.8571428571428572,12.857142857142858,0.0,3
journal.pone.0086523.csv,1.25,0.5,1.0,2.0,0.0,0.0,1
journal.pone.0206166.csv,0.0,4.0,1.0,8.0,0.0,0.0,1
journal.pone.0008681.csv,3.0,12.0,13.0,26.0,0.5,0.0,3
journal.pone.0214210.csv,1.0,2.75,1.25,20.25,1.5,0.0,1
journal.pone.0172105.csv,2.5555555555555554,5.111111111111111,3.111111111111111,16.0,6.777777777777778,1.4444444444444444,0
journal.pone.0090180.csv,3.0,3.875,7.5,10.875,6.875,0.0,0
journal.pone.0026232.csv,0.6666666666666666,1.6666666666666667,3.6666666666666665,2.3333333333333335,0.3333333333333333,0.0,1
journal.pone.0079736.csv,2.375,5.0,3.0,15.75,3.25,0.625,0
journal.pone.0132284.csv,0.8333333333333334,3.8333333333333335,0.16666666666666666,1.3333333333333333,4.666666666666667,0.5,1
journal.pone.0213594.csv,2.142857142857143,6.714285714285714,3.4285714285714284,18.857142857142858,16.0,9.857142857142858,0
journal.pone.0004736.csv,1.625,3.375,9.5,3.625,0.875,0.0,1
journal.pone.0067332.csv,3.142857142857143,26.142857142857142,36.42857142857143,4.285714285714286,44.857142857142854,19.0,4
journal.pone.0108093.csv,2.6363636363636362,4.363636363636363,2.3636363636363638,14.454545454545455,7.454545454545454,0.7272727272727273,0
journal.pone.0196485.csv,1.5,3.0,0.25,5.75,6.25,0.0,1
journal.pone.0222167.csv,0.0,0.0,0.0,0.0,0.0,0.0,1
journal.pone.0222615.csv,2.6666666666666665,4.666666666666667,0.6666666666666666,0.5,7.833333333333333,0.0,0
journal.pone.0025840.csv,1.4444444444444444,1.8888888888888888,4.666666666666667,2.7777777777777777,2.6666666666666665,0.0,1
journal.pone.0082355.csv,1.0,2.0,2.5,8.0,5.333333333333333,1.0,1
journal.pone.0102970.csv,5.571428571428571,5.0,4.571428571428571,12.714285714285714,14.0,0.0,0
journal.pone.0109825.csv,1.9090909090909092,4.545454545454546,1.7272727272727273,6.7272727272727275,5.636363636363637,0.0,0
journal.pone.0026178.csv,3.2,11.4,1.7,5.4,10.9,0.0,3
journal.pone.0208567.csv,2.8,7.2,19.0,13.7,5.2,4.7,0
journal.pone.0109819.csv,1.8,9.6,6.4,8.2,13.4,0.4,3
journal.pone.0221693.csv,0.0,0.0,0.0,0.0,0.0,0.0,1
journal.pone.0126150.csv,2.4285714285714284,2.2857142857142856,1.8571428571428572,4.428571428571429,3.2857142857142856,0.42857142857142855,1
journal.pone.0005010.csv,1.8,3.2,5.2,3.2,2.6,0.0,1
journal.pone.0146673.csv,0.0,0.0,0.0,0.0,0.0,0.0,1
journal.pone.0046667.csv,3.3333333333333335,4.666666666666667,13.666666666666666,3.0,1.3333333333333333,0.0,0
journal.pone.0096136.csv,3.5,5.375,26.5,12.375,1.5,0.25,0
journal.pone.0213190.csv,2.3333333333333335,1.5555555555555556,3.6666666666666665,4.555555555555555,4.666666666666667,0.3333333333333333,1
journal.pone.0116052.csv,3.8333333333333335,4.833333333333333,4.166666666666667,20.333333333333332,9.0,2.3333333333333335,0
journal.pone.0201596.csv,3.0,26.0,5.5,20.75,3.0,5.5,4
journal.pone.0115215.csv,3.8,6.2,15.0,21.6,12.4,2.8,0
journal.pone.0101274.csv,2.2222222222222223,5.666666666666667,8.11111111111111,1.8888888888888888,7.111111111111111,1.1111111111111112,0
journal.pone.0178984.csv,1.2,6.0,3.2,5.0,0.0,0.0,0
journal.pone.0104495.csv,3.7,3.8,4.7,22.0,9.6,1.6,0
journal.pone.0087950.csv,2.3333333333333335,6.333333333333333,2.6666666666666665,34.666666666666664,0.6666666666666666,0.0,0
journal.pone.0046842.csv,1.0,14.0,2.0,20.5,19.5,0.0,3
journal.pone.0116244.csv,0.0,0.0,0.0,0.0,0.0,0.0,1
journal.pone.0053718.csv,2.2,8.5,11.7,12.1,9.2,0.0,3
journal.pone.0112778.csv,3.6666666666666665,15.88888888888889,11.11111111111111,21.333333333333332,33.333333333333336,0.8888888888888888,4
journal.pone.0072701.csv,2.4444444444444446,3.888888888888889,0.4444444444444444,2.4444444444444446,4.666666666666667,0.3333333333333333,0
journal.pone.0132325.csv,2.0,1.25,1.75,6.375,4.75,0.0,1
journal.pone.0209323.csv,0.5,8.25,5.5,2.0,6.0,0.75,3
journal.pone.0149146.csv,4.0,4.0,28.142857142857142,10.285714285714286,6.571428571428571,1.0,0
journal.pone.0045768.csv,1.75,1.25,5.625,4.625,0.875,0.0,1
journal.pone.0098535.csv,3.25,6.375,2.75,10.125,7.875,0.0,0
journal.pone.0072113.csv,3.5714285714285716,6.714285714285714,3.142857142857143,21.142857142857142,8.0,4.142857142857143,0
journal.pone.0010972.csv,2.2857142857142856,3.5714285714285716,8.0,7.428571428571429,1.2857142857142858,0.2857142857142857,1
journal.pone.0156099.csv,0.6,0.8,3.8,8.0,2.4,0.0,1
journal.pone.0010966.csv,2.3333333333333335,3.111111111111111,18.0,7.777777777777778,2.4444444444444446,0.2222222222222222,1
journal.pone.0214951.csv,0.5,0.5,0.0,0.75,2.25,0.0,1
journal.pone.0035933.csv,2.25,5.5,24.75,18.0,3.0,1.75,0
journal.pone.0108456.csv,3.857142857142857,3.857142857142857,9.285714285714286,15.285714285714286,14.142857142857142,0.7142857142857143,0
journal.pone.0196068.csv,2.75,8.5,9.25,10.0,2.5,1.25,3
journal.pone.0064598.csv,2.7777777777777777,2.0,2.3333333333333335,13.444444444444445,6.111111111111111,0.3333333333333333,1
journal.pone.0093689.csv,1.375,2.25,7.375,2.5,1.625,0.0,1
journal.pone.0164573.csv,2.0,1.8461538461538463,3.6153846153846154,5.6923076923076925,7.076923076923077,0.6153846153846154,1
journal.pone.0189821.csv,2.3333333333333335,3.5,3.6666666666666665,9.0,7.0,0.0,1
journal.pone.0055787.csv,1.7142857142857142,3.857142857142857,4.428571428571429,10.714285714285714,0.42857142857142855,0.0,0
journal.pone.0118693.csv,2.8333333333333335,10.333333333333334,7.666666666666667,14.5,7.5,1.8333333333333333,3
journal.pone.0094865.csv,4.0,0.0,5.5,4.0,9.5,12.166666666666666,1
journal.pone.0174991.csv,2.4285714285714284,8.714285714285714,3.857142857142857,4.571428571428571,15.714285714285714,0.14285714285714285,3
journal.pone.0151287.csv,0.7142857142857143,3.5714285714285716,2.2857142857142856,7.714285714285714,4.142857142857143,0.0,1
journal.pone.0212474.csv,0.0,0.0,0.0,0.0,0.0,0.0,1
journal.pone.0016866.csv,1.7142857142857142,2.7142857142857144,9.714285714285714,7.0,0.0,0.0,1
journal.pone.0216148.csv,0.625,3.125,2.125,3.25,12.0,1.25,1
journal.pone.0198905.csv,2.090909090909091,1.7272727272727273,1.9090909090909092,3.0,5.2727272727272725,1.3636363636363635,1
journal.pone.0013711.csv,2.6666666666666665,2.0,4.333333333333333,4.888888888888889,5.333333333333333,0.0,1
journal.pone.0076189.csv,2.5,3.7,4.3,6.4,5.3,1.0,0
journal.pone.0054472.csv,2.111111111111111,1.8888888888888888,7.666666666666667,5.777777777777778,1.5555555555555556,0.4444444444444444,1
journal.pone.0105629.csv,2.857142857142857,10.714285714285714,27.857142857142858,17.0,3.5714285714285716,1.4285714285714286,3
journal.pone.0077724.csv,1.25,2.5,8.25,4.25,0.25,0.0,1
journal.pone.0023375.csv,0.8888888888888888,1.3333333333333333,0.3333333333333333,2.0,2.4444444444444446,0.0,1
journal.pone.0134609.csv,2.6363636363636362,2.5454545454545454,5.454545454545454,9.727272727272727,14.181818181818182,2.0,1
journal.pone.0072648.csv,2.125,3.25,1.5,4.125,4.375,0.0,1
journal.pone.0208148.csv,5.6,5.6,11.4,14.6,19.4,1.6,0
journal.pone.0188928.csv,1.8333333333333333,1.3333333333333333,1.5,4.0,2.6666666666666665,0.6666666666666666,1
journal.pone.0020126.csv,1.8571428571428572,7.0,6.714285714285714,5.714285714285714,2.142857142857143,0.0,0
journal.pone.0174577.csv,3.25,2.625,3.25,3.0,3.875,1.0,1
journal.pone.0111310.csv,0.6666666666666666,4.0,2.6666666666666665,0.6666666666666666,1.5,2.1666666666666665,1
journal.pone.0091504.csv,5.0,3.3333333333333335,12.5,10.666666666666666,9.5,0.0,0
journal.pone.0019002.csv,3.0,6.571428571428571,2.142857142857143,4.0,12.714285714285714,0.0,0
journal.pone.0109563.csv,3.090909090909091,2.5454545454545454,2.1818181818181817,7.545454545454546,3.1818181818181817,0.09090909090909091,1
journal.pone.0117832.csv,2.0,4.6,0.8,2.4,10.0,0.0,0
journal.pone.0219119.csv,3.5,4.5,4.5,0.6666666666666666,10.833333333333334,0.3333333333333333,0
journal.pone.0020052.csv,2.0,3.6666666666666665,6.166666666666667,5.5,2.6666666666666665,0.0,1
journal.pone.0022889.csv,1.3,1.7,1.3,5.1,4.8,0.2,1
journal.pone.0210129.csv,1.2,2.2,5.4,3.6,2.6,0.6,1
journal.pone.0108906.csv,2.0,5.9,3.8,14.4,1.4,2.9,0
journal.pone.0086118.csv,2.6666666666666665,4.777777777777778,2.888888888888889,15.0,4.444444444444445,0.0,0
journal.pone.0103648.csv,7.0,7.666666666666667,5.5,27.5,16.166666666666668,3.6666666666666665,3
journal.pone.0124778.csv,2.6,6.6,3.2,11.8,11.5,0.5,0
journal.pone.0219441.csv,1.5,24.0,15.5,4.666666666666667,1.5,7.5,4
journal.pone.0163355.csv,1.8333333333333333,2.5,3.8333333333333335,2.0,3.8333333333333335,0.3333333333333333,1
journal.pone.0191841.csv,2.25,3.875,3.375,15.875,4.875,1.125,0
journal.pone.0022335.csv,1.3333333333333333,3.0,11.0,5.444444444444445,1.7777777777777777,1.0,1
journal.pone.0098656.csv,2.2222222222222223,3.4444444444444446,0.7777777777777778,13.555555555555555,6.222222222222222,0.0,1
journal.pone.0145437.csv,1.1428571428571428,5.0,1.0,2.4285714285714284,19.571428571428573,5.285714285714286,0
journal.pone.0019348.csv,1.0,6.0,7.0,5.0,1.3333333333333333,0.0,0
journal.pone.0013103.csv,2.5555555555555554,1.8888888888888888,1.3333333333333333,10.333333333333334,4.888888888888889,0.0,1
journal.pone.0183510.csv,2.4285714285714284,2.857142857142857,6.714285714285714,12.142857142857142,4.428571428571429,0.7142857142857143,1
journal.pone.0041651.csv,1.0,1.9090909090909092,2.8181818181818183,2.4545454545454546,0.18181818181818182,0.0,1
journal.pone.0144067.csv,2.875,4.625,7.125,12.875,0.875,0.75,0
journal.pone.0007614.csv,4.5,6.5,25.333333333333332,4.833333333333333,0.5,0.0,0
journal.pone.0042348.csv,0.5714285714285714,4.0,0.14285714285714285,5.857142857142857,1.0,0.0,1
journal.pone.0169697.csv,0.0,0.0,0.0,0.0,0.0,0.0,1
journal.pone.0050016.csv,3.1666666666666665,4.5,2.3333333333333335,2.3333333333333335,4.666666666666667,0.0,0
journal.pone.0180753.csv,3.3333333333333335,6.833333333333333,3.3333333333333335,5.166666666666667,14.166666666666666,1.1666666666666667,0
journal.pone.0203347.csv,2.1666666666666665,5.0,3.3333333333333335,2.8333333333333335,8.5,0.0,0
journal.pone.0058489.csv,1.4444444444444444,2.3333333333333335,2.5555555555555554,2.6666666666666665,6.0,0.0,1
journal.pone.0065708.csv,3.727272727272727,2.8181818181818183,2.727272727272727,3.0,5.363636363636363,0.0,1
journal.pone.0185367.csv,3.8,5.4,7.2,6.8,9.6,1.4,0
journal.pone.0187202.csv,3.142857142857143,5.714285714285714,13.285714285714286,5.857142857142857,16.714285714285715,0.0,0
journal.pone.0114318.csv,2.142857142857143,2.857142857142857,4.142857142857143,21.0,8.0,0.0,1
journal.pone.0077873.csv,3.1666666666666665,5.5,6.666666666666667,4.333333333333333,7.0,0.0,0
journal.pone.0047783.csv,1.3333333333333333,4.666666666666667,1.0,0.6666666666666666,7.333333333333333,0.0,0
journal.pone.0204616.csv,2.4,3.4,1.8,1.8,3.4,0.0,1
journal.pone.0207337.csv,0.8333333333333334,8.333333333333334,4.666666666666667,2.0,0.0,1.1666666666666667,3
journal.pone.0058853.csv,0.7,1.7,1.4,3.8,0.6,0.0,1
journal.pone.0011472.csv,2.25,3.125,5.125,3.0,0.5,1.0,1
journal.pone.0106640.csv,3.4,4.0,4.0,9.9,3.7,0.0,0
journal.pone.0016453.csv,2.6,6.8,5.2,17.0,10.4,0.4,0
journal.pone.0031761.csv,2.2857142857142856,5.857142857142857,6.571428571428571,30.142857142857142,0.0,0.0,0
journal.pone.0173234.csv,4.2,6.0,4.2,4.6,9.4,2.0,0
journal.pone.0194487.csv,3.4285714285714284,4.142857142857143,4.0,19.285714285714285,1.0,0.5714285714285714,0
journal.pone.0211353.csv,1.25,3.0,4.5,0.5,3.625,0.125,1
journal.pone.0053325.csv,2.875,2.375,17.25,3.75,1.375,0.0,1
journal.pone.0033374.csv,0.8,3.4,1.6,1.6,3.4,0.0,1
journal.pone.0127473.csv,0.0,0.0,0.0,0.0,0.0,0.0,1
journal.pone.0077536.csv,1.1666666666666667,4.333333333333333,6.333333333333333,5.333333333333333,8.0,0.0,0
journal.pone.0134369.csv,3.25,4.25,4.0,3.75,9.75,1.75,0
journal.pone.0144842.csv,1.8,7.0,0.8,5.0,2.4,0.0,0
journal.pone.0162107.csv,5.6,10.2,19.0,13.0,3.2,0.4,3
journal.pone.0148922.csv,1.4285714285714286,2.142857142857143,4.428571428571429,14.857142857142858,0.8571428571428571,2.0,1
journal.pone.0191930.csv,3.4615384615384617,2.6923076923076925,2.3076923076923075,5.461538461538462,4.3076923076923075,0.6923076923076923,1
journal.pone.0132725.csv,2.2,6.5,5.1,20.8,1.5,1.4,0
journal.pone.0120309.csv,2.7142857142857144,6.428571428571429,3.142857142857143,11.428571428571429,12.142857142857142,1.7142857142857142,0
journal.pone.0122278.csv,2.5,4.25,10.0,0.75,2.0,1.5,0
journal.pone.0077251.csv,3.75,3.625,4.625,4.875,6.25,0.125,0
journal.pone.0189831.csv,4.25,8.583333333333334,6.333333333333333,10.583333333333334,11.5,2.25,3
journal.pone.0165899.csv,3.0,7.0,11.0,6.857142857142857,8.857142857142858,1.8571428571428572,0
journal.pone.0008334.csv,2.5555555555555554,3.7777777777777777,3.111111111111111,4.777777777777778,15.88888888888889,0.0,0
journal.pone.0141046.csv,2.4285714285714284,9.571428571428571,7.857142857142857,1.2857142857142858,4.428571428571429,3.4285714285714284,3
journal.pone.0115832.csv,2.142857142857143,4.142857142857143,4.428571428571429,13.0,7.714285714285714,0.5714285714285714,0
journal.pone.0217723.csv,3.4,3.1,5.6,6.2,7.8,0.8,1
journal.pone.0189399.csv,3.25,19.5,18.75,27.25,14.25,14.75,4
journal.pone.0052589.csv,2.7,4.4,2.7,10.1,10.3,0.0,0
journal.pone.0178374.csv,4.8,5.6,3.8,10.2,9.0,0.0,0
journal.pone.0199820.csv,3.0,7.428571428571429,11.142857142857142,5.571428571428571,7.285714285714286,1.0,3
journal.pone.0178412.csv,0.7142857142857143,0.5714285714285714,2.0,1.0,2.2857142857142856,0.14285714285714285,1
journal.pone.0106641.csv,1.5,4.166666666666667,6.0,6.833333333333333,0.6666666666666666,0.0,0
journal.pone.0154661.csv,3.75,7.75,17.5,9.0,0.75,3.5,3
journal.pone.0085212.csv,3.2857142857142856,8.0,1.7142857142857142,25.857142857142858,10.714285714285714,3.5714285714285716,3
journal.pone.0036635.csv,3.5,4.666666666666667,15.166666666666666,3.6666666666666665,3.6666666666666665,0.0,0
journal.pone.0167308.csv,4.777777777777778,4.555555555555555,9.666666666666666,4.0,4.666666666666667,0.0,0
journal.pone.0218570.csv,2.3333333333333335,19.666666666666668,0.3333333333333333,0.0,4.333333333333333,10.333333333333334,4
journal.pone.0184911.csv,3.2,2.4,4.8,8.4,7.8,0.8,1
journal.pone.0157208.csv,0.0,0.0,0.0,0.0,0.0,0.0,1
journal.pone.0213380.csv,1.7142857142857142,4.142857142857143,8.285714285714286,0.8571428571428571,2.857142857142857,0.2857142857142857,0
journal.pone.0094525.csv,6.4,10.6,10.4,43.0,21.2,4.0,3
journal.pone.0167491.csv,0.8,2.2,0.4,5.8,3.8,0.4,1
journal.pone.0038195.csv,2.4,4.0,7.0,0.4,12.6,0.0,0
journal.pone.0221859.csv,2.0,2.1,3.4,6.6,3.8,0.3,1
journal.pone.0218772.csv,2.7142857142857144,5.0,3.2857142857142856,6.142857142857143,7.285714285714286,0.8571428571428571,0
journal.pone.0118084.csv,1.625,3.875,1.5,1.0,3.5,0.625,1
journal.pone.0023774.csv,1.0,2.4285714285714284,0.7142857142857143,0.7142857142857143,0.2857142857142857,0.14285714285714285,1
journal.pone.0134585.csv,1.6666666666666667,4.5,4.5,5.833333333333333,6.333333333333333,0.0,0
journal.pone.0013660.csv,0.8,2.0,2.0,2.6,6.6,0.0,1
journal.pone.0118047.csv,0.0,0.0,0.0,0.0,0.0,0.0,1
journal.pone.0043041.csv,2.5,1.5,12.333333333333334,7.333333333333333,2.6666666666666665,0.16666666666666666,1
journal.pone.0040560.csv,2.090909090909091,5.2727272727272725,7.909090909090909,6.454545454545454,7.7272727272727275,0.0,0
journal.pone.0047569.csv,0.75,1.25,0.25,2.25,1.5,0.0,1
journal.pone.0191891.csv,1.5,3.75,1.0,8.0,10.25,1.0,1
journal.pone.0004336.csv,2.375,4.75,2.375,3.625,5.25,0.0,0
journal.pone.0200117.csv,3.3333333333333335,3.6666666666666665,1.8333333333333333,4.5,8.333333333333334,1.6666666666666667,0
journal.pone.0209669.csv,2.8333333333333335,2.3333333333333335,3.1666666666666665,4.666666666666667,8.5,0.8333333333333334,1
journal.pone.0165290.csv,1.7142857142857142,3.142857142857143,3.142857142857143,12.571428571428571,5.428571428571429,0.5714285714285714,1
journal.pone.0072920.csv,1.9166666666666667,4.5,1.5833333333333333,4.583333333333333,4.75,1.0,0
journal.pone.0195177.csv,4.571428571428571,3.7142857142857144,5.857142857142857,5.285714285714286,13.428571428571429,2.0,0
journal.pone.0028384.csv,2.272727272727273,3.727272727272727,4.454545454545454,16.272727272727273,4.909090909090909,4.909090909090909,0
journal.pone.0188640.csv,2.375,2.625,2.5,9.125,6.625,0.125,1
journal.pone.0020900.csv,2.75,2.25,3.375,3.5,8.25,0.0,1
journal.pone.0179691.csv,2.4,4.0,2.8,2.8,5.8,0.9,0
journal.pone.0168944.csv,3.2857142857142856,4.285714285714286,5.0,6.571428571428571,9.428571428571429,1.7142857142857142,0
journal.pone.0138801.csv,1.1666666666666667,2.0833333333333335,0.16666666666666666,1.5,6.416666666666667,0.0,1
journal.pone.0056699.csv,2.6,5.0,1.2,13.0,0.0,0.0,0
journal.pone.0118284.csv,2.1666666666666665,4.333333333333333,1.5,2.8333333333333335,3.8333333333333335,0.8333333333333334,0
journal.pone.0126418.csv,0.0,0.0,0.0,0.0,0.0,0.0,1
journal.pone.0092036.csv,5.428571428571429,2.4285714285714284,4.428571428571429,14.142857142857142,6.428571428571429,0.0,0
journal.pone.0012636.csv,4.2,8.4,36.0,12.4,1.4,0.0,3
journal.pone.0140170.csv,1.6666666666666667,6.166666666666667,4.166666666666667,2.6666666666666665,6.5,0.5,0
journal.pone.0055569.csv,1.5714285714285714,2.7142857142857144,1.5714285714285714,3.2857142857142856,3.0,0.0,1
journal.pone.0099822.csv,4.2,7.2,4.2,3.6,15.4,0.0,3
journal.pone.0211378.csv,1.5,1.375,1.125,4.125,3.125,0.0,1
journal.pone.0039470.csv,5.777777777777778,10.11111111111111,33.666666666666664,2.888888888888889,0.0,0.0,3
journal.pone.0186094.csv,3.2,13.9,2.9,8.4,1.7,0.0,3
journal.pone.0176401.csv,2.090909090909091,4.363636363636363,5.0,5.7272727272727275,5.181818181818182,0.36363636363636365,0
journal.pone.0009996.csv,2.875,3.125,2.375,15.875,15.875,1.125,1
journal.pone.0014723.csv,0.5,0.5,0.0,0.0,0.5,0.0,1
journal.pone.0163226.csv,1.5,4.25,6.333333333333333,3.0,3.3333333333333335,1.5,0
journal.pone.0137677.csv,1.8,3.8,4.8,12.0,0.2,0.0,1
journal.pone.0156289.csv,2.0833333333333335,2.5833333333333335,4.333333333333333,9.416666666666666,9.75,2.75,1
journal.pone.0098902.csv,2.8333333333333335,4.666666666666667,2.0,16.0,11.166666666666666,0.6666666666666666,0
journal.pone.0100795.csv,2.5,6.333333333333333,10.5,9.0,2.1666666666666665,0.0,0
journal.pone.0209708.csv,1.7692307692307692,3.923076923076923,2.3076923076923075,4.230769230769231,9.461538461538462,0.0,0
journal.pone.0130125.csv,3.6,6.0,2.8,7.5,5.1,1.5,0
journal.pone.0122509.csv,3.4,3.4,2.0,17.2,7.0,0.2,0
journal.pone.0063541.csv,1.5833333333333333,2.0,2.3333333333333335,5.416666666666667,4.166666666666667,0.0,1
journal.pone.0065130.csv,3.6,1.4,9.6,11.2,7.4,0.2,1
journal.pone.0060909.csv,3.6666666666666665,7.166666666666667,12.333333333333334,14.666666666666666,1.0,0.3333333333333333,3
journal.pone.0052987.csv,1.6,7.2,5.0,0.2,6.6,0.6,0
journal.pone.0128959.csv,1.9,3.9,5.5,1.5,9.3,0.2,0
journal.pone.0075492.csv,3.0,6.0,7.0,14.25,5.0,2.0,0
journal.pone.0213963.csv,6.8,8.7,2.7,27.1,2.7,0.0,3
journal.pone.0012838.csv,0.4444444444444444,6.555555555555555,0.1111111111111111,4.666666666666667,3.2222222222222223,0.0,0
journal.pone.0015831.csv,3.8,3.2,4.4,6.0,2.8,0.0,0
journal.pone.0132281.csv,1.25,2.75,3.75,1.25,0.0,0.0,1
journal.pone.0172841.csv,2.1666666666666665,1.3333333333333333,0.8333333333333334,3.3333333333333335,2.1666666666666665,1.3333333333333333,1
journal.pone.0173587.csv,0.0,0.0,0.0,0.0,0.0,0.0,1
journal.pone.0155540.csv,2.9,9.4,7.3,8.3,15.3,0.0,3
journal.pone.0077939.csv,2.111111111111111,4.888888888888889,8.777777777777779,14.444444444444445,5.0,1.5555555555555556,0
journal.pone.0134800.csv,2.0,4.833333333333333,7.0,4.833333333333333,3.3333333333333335,1.1666666666666667,0
journal.pone.0149784.csv,3.6,6.0,4.0,10.6,10.4,0.0,0
journal.pone.0066015.csv,1.0,3.5,1.1666666666666667,5.666666666666667,2.8333333333333335,0.0,1
journal.pone.0053904.csv,2.2857142857142856,6.714285714285714,7.571428571428571,4.285714285714286,20.0,0.7142857142857143,0
journal.pone.0172909.csv,4.5,5.833333333333333,9.0,16.5,8.833333333333334,2.1666666666666665,0
journal.pone.0122680.csv,1.7,2.4,2.7,5.5,1.7,2.9,1
journal.pone.0099980.csv,2.4285714285714284,1.8571428571428572,2.7142857142857144,1.5714285714285714,3.7142857142857144,0.0,1
journal.pone.0038828.csv,2.5,4.0,5.333333333333333,6.0,2.1666666666666665,0.0,0
journal.pone.0190581.csv,3.5,5.666666666666667,4.333333333333333,11.0,9.166666666666666,0.0,0
journal.pone.0217330.csv,0.0,0.0,0.0,0.0,0.0,0.0,1
journal.pone.0022469.csv,1.6666666666666667,3.6666666666666665,1.3333333333333333,6.333333333333333,7.333333333333333,0.0,1
journal.pone.0078001.csv,2.1666666666666665,2.5,1.5,4.5,4.833333333333333,0.5,1
journal.pone.0169118.csv,1.7142857142857142,2.142857142857143,2.142857142857143,3.4285714285714284,4.142857142857143,0.2857142857142857,1
journal.pone.0084251.csv,2.3333333333333335,4.333333333333333,2.111111111111111,7.555555555555555,5.555555555555555,0.2222222222222222,0
journal.pone.0190556.csv,1.3571428571428572,1.7857142857142858,1.5,1.6428571428571428,2.142857142857143,0.0,1
journal.pone.0182146.csv,2.2857142857142856,4.857142857142857,3.7142857142857144,1.4285714285714286,5.285714285714286,0.8571428571428571,0
journal.pone.0159024.csv,0.42857142857142855,1.2857142857142858,0.7142857142857143,2.7142857142857144,1.1428571428571428,0.14285714285714285,1
journal.pone.0041131.csv,2.2222222222222223,4.222222222222222,23.22222222222222,1.2222222222222223,0.0,0.0,0
journal.pone.0220205.csv,2.0,3.8,3.8,2.2,3.5,0.0,0
